region,date,set,location,eel,Paired,comp,date_proc,proc,1_frac_corr,sz_frac,orgnsm,count,rel_abun,Sum
Fraser ,12-Jul-16,1.2,MRB SF FR 016,0,,0,,,,,NAN,,,
Fraser ,12-Jul-16,2.2,MRB SF FR 016,0,,0,,,,,NAN,,,
Fraser ,12-Jul-16,2.2,MRB FR 017B,1,,0,,,,,NAN,,,
Fraser ,12-Jul-16,1.2,MRB FR 017B (NEW),1,,0,,,,,NAN,,,
Fraser ,12-Jul-16,1.1,MRB SF FR 016,0,,1,20-Sep-16,MM,1,1,Cladoceran,11,0.070063694,157
Fraser ,12-Jul-16,1.1,MRB SF FR 016,0,,1,20-Sep-16,MM,1,1,Phyllodocida,12,0.076433121,157
Fraser ,12-Jul-16,1.1,MRB SF FR 016,0,,1,20-Sep-16,MM,1,1,Appendicularia,2,0.012738854,157
Fraser ,12-Jul-16,1.1,MRB SF FR 016,0,,1,20-Sep-16,MM,1,1,Harpac,76,0.484076433,157
Fraser ,12-Jul-16,1.1,MRB SF FR 016,0,,1,20-Sep-16,MM,1,1,Calanoid,46,0.292993631,157
Fraser ,12-Jul-16,1.1,MRB SF FR 016,0,,1,20-Sep-16,MM,1,1,Brachyura,2,0.012738854,157
Fraser ,12-Jul-16,1.1,MRB SF FR 016,0,,1,20-Sep-16,MM,1,1,Barnacle,8,0.050955414,1
Fraser ,12-Jul-16,2.1,MRB FR 017B (NEW),1,,1,22-Sep-16,MM,2.666666667,1,Gammarid,5.333333333,0.007905138,674.6666667
Fraser ,12-Jul-16,2.1,MRB FR 017B (NEW),1,,1,22-Sep-16,MM,2.666666667,1,Phyllodocida,5.333333333,0.007905138,
Fraser ,12-Jul-16,2.1,MRB FR 017B (NEW),1,,1,22-Sep-16,MM,2.666666667,1,Appendicularia,10.66666667,0.015810277,
Fraser ,12-Jul-16,2.1,MRB FR 017B (NEW),1,,1,22-Sep-16,MM,2.666666667,1,Harpac,104,0.154150198,
Fraser ,12-Jul-16,2.1,MRB FR 017B (NEW),1,,1,22-Sep-16,MM,2.666666667,1,Calanoid,546.6666667,0.81027668,
Fraser ,12-Jul-16,2.1,MRB FR 017B (NEW),1,,1,22-Sep-16,MM,2.666666667,1,Mysida,2.666666667,0.003952569,1
Fraser ,12-Jul-16,2.1,MRB SF FR 016,0,,1,20-Sep-16,MM,2,1,Cladoceran,8,0.078431373,102
Fraser ,12-Jul-16,2.1,MRB SF FR 016,0,,1,20-Sep-16,MM,2,1,Phyllodocida,16,0.156862745,
Fraser ,12-Jul-16,2.1,MRB SF FR 016,0,,1,20-Sep-16,MM,2,1,Appendicularia,2,0.019607843,
Fraser ,12-Jul-16,2.1,MRB SF FR 016,0,,1,20-Sep-16,MM,2,1,Harpac,36,0.352941176,
Fraser ,12-Jul-16,2.1,MRB SF FR 016,0,,1,20-Sep-16,MM,2,1,Calanoid,34,0.333333333,
Fraser ,12-Jul-16,2.1,MRB SF FR 016,0,,1,20-Sep-16,MM,2,1,Barnacle,6,0.058823529,
Fraser ,12-Jul-16,1.1,MRB FR 017B (NEW),1,,1,20-Sep-16,MM,2.222222222,1,Gammarid,4.444444444,0.009049774,491.1111111
Fraser ,12-Jul-16,1.1,MRB FR 017B (NEW),1,,1,20-Sep-16,MM,2.222222222,1,Cladoceran,17.77777778,0.036199095,
Fraser ,12-Jul-16,1.1,MRB FR 017B (NEW),1,,1,20-Sep-16,MM,2.222222222,1,Appendicularia,13.33333333,0.027149321,
Fraser ,12-Jul-16,1.1,MRB FR 017B (NEW),1,,1,20-Sep-16,MM,2.222222222,1,Harpac,371.1111111,0.755656109,
Fraser ,12-Jul-16,1.1,MRB FR 017B (NEW),1,,1,20-Sep-16,MM,2.222222222,1,Calanoid,77.77777778,0.158371041,
Fraser ,12-Jul-16,1.1,MRB FR 017B (NEW),1,,1,20-Sep-16,MM,2.222222222,1,Cumacea,2.222222222,0.004524887,
Fraser ,12-Jul-16,1.1,MRB FR 017B (NEW),1,,1,20-Sep-16,MM,2.222222222,1,Brachyura,4.444444444,0.009049774,
Fraser ,12-Jul-16,1.1,MRB FR 017B (NEW),1,,1,20-Sep-16,MM,2.222222222,1,Barnacle,20,0.040723982,
Fraser ,26-Jun-16,2.2,MRB FR 017B (NEW),1,,0,,,,,NAN,,,
Fraser ,25-Jun-16,1.2,MRB SF FR 016,0,,0,,,,,NAN,,,
Fraser ,25-Jun-16,1.2,MRB FR 017B,1,,0,,,,,NAN,,,
Fraser ,25-Jun-16,2.2,MRB SF FR 016 ,0,,0,,,,,NAN,,,
Fraser ,25-Jun-16,2.1,MRB SF FR 016,0,,1,21-Sep-16,MM,2.666666667,1,Cladoceran,2.667,0.003448705,773.3336667
Fraser ,25-Jun-16,2.1,MRB SF FR 016,0,,1,21-Sep-16,MM,2.666666667,1,Phyllodocida,13.33333333,0.017241372,
Fraser ,25-Jun-16,2.1,MRB SF FR 016,0,,1,21-Sep-16,MM,2.666666667,1,Appendicularia,58.66666667,0.075862036,
Fraser ,25-Jun-16,2.1,MRB SF FR 016,0,,1,21-Sep-16,MM,2.666666667,1,Cyclopoid,2.666666667,0.003448274,
Fraser ,25-Jun-16,2.1,MRB SF FR 016,0,,1,21-Sep-16,MM,2.666666667,1,Harpac,282.6666667,0.365517084,
Fraser ,25-Jun-16,2.1,MRB SF FR 016,0,,1,21-Sep-16,MM,2.666666667,1,Calanoid,386.6666667,0.499999784,
Fraser ,25-Jun-16,2.1,MRB SF FR 016,0,,1,21-Sep-16,MM,2.666666667,1,Mysida,2.666666667,0.003448274,
Fraser ,25-Jun-16,2.1,MRB SF FR 016,0,,1,21-Sep-16,MM,2.666666667,1,Cnetophora,13.33333333,0.017241372,
Fraser ,25-Jun-16,2.1,MRB SF FR 016,0,,1,21-Sep-16,MM,2.666666667,1,Echinoderm,10.66666667,0.013793098,
Fraser ,25-Jun-16,2.1,MRB FR 017B,1,,1,20-Sep-16,MM,2,10,Cnetophora,1,0.001070664,934
Fraser ,25-Jun-16,2.1,MRB FR 017B,1,,1,20-Sep-16,MM,2,2,Gammarid,2,0.002141328,
Fraser ,25-Jun-16,2.1,MRB FR 017B,1,,1,20-Sep-16,MM,2,2,Harpac,1,0.001070664,
Fraser ,25-Jun-16,2.1,MRB FR 017B,1,,1,20-Sep-16,MM,2,1,Gammarid,10,0.010706638,
Fraser ,25-Jun-16,2.1,MRB FR 017B,1,,1,20-Sep-16,MM,2,1,Cladoceran,22,0.023554604,
Fraser ,25-Jun-16,2.1,MRB FR 017B,1,,1,20-Sep-16,MM,2,1,Phyllodocida,10,0.010706638,
Fraser ,25-Jun-16,2.1,MRB FR 017B,1,,1,20-Sep-16,MM,2,1,Appendicularia,30,0.032119914,
Fraser ,25-Jun-16,2.1,MRB FR 017B,1,,1,20-Sep-16,MM,2,1,Harpac,364,0.389721627,
Fraser ,25-Jun-16,2.1,MRB FR 017B,1,,1,20-Sep-16,MM,2,1,Calanoid,484,0.518201285,
Fraser ,25-Jun-16,2.1,MRB FR 017B,1,,1,20-Sep-16,MM,2,1,Barnacle,10,0.010706638,1
Fraser ,25-Jun-16,1.1,MRB SF FR 016,0,,1,22-Sep-16,MM,1,1,Cladoceran,3,0.004958678,605
Fraser ,25-Jun-16,1.1,MRB SF FR 016,0,,1,22-Sep-16,MM,1,1,Phyllodocida,7,0.011570248,
Fraser ,25-Jun-16,1.1,MRB SF FR 016,0,,1,22-Sep-16,MM,1,1,Appendicularia,41,0.067768595,
Fraser ,25-Jun-16,1.1,MRB SF FR 016,0,,1,22-Sep-16,MM,1,1,Harpac,248,0.409917355,
Fraser ,25-Jun-16,1.1,MRB SF FR 016,0,,1,22-Sep-16,MM,1,1,Calanoid,281,0.46446281,
Fraser ,25-Jun-16,1.1,MRB SF FR 016,0,,1,22-Sep-16,MM,1,1,Mysida,3,0.004958678,
Fraser ,25-Jun-16,1.1,MRB SF FR 016,0,,1,22-Sep-16,MM,1,1,Echinoderm,6,0.009917355,
Fraser ,25-Jun-16,1.1,MRB SF FR 016,0,,1,22-Sep-16,MM,1,1,Barnacle,16,0.026446281,1
Fraser ,25-Jun-16,1.1,MRB FR 017B,1,,1,27-Sep-16,MM,8,2,Gammarid,5,0.002003205,2496
Fraser ,25-Jun-16,1.1,MRB FR 017B,1,,1,27-Sep-16,MM,8,2,Cladoceran,2,0.000801282,
Fraser ,25-Jun-16,1.1,MRB FR 017B,1,,1,27-Sep-16,MM,8,1,Gammarid,32,0.012820513,
Fraser ,25-Jun-16,1.1,MRB FR 017B,1,,1,27-Sep-16,MM,8,1,Cladoceran,56,0.022435897,
Fraser ,25-Jun-16,1.1,MRB FR 017B,1,,1,27-Sep-16,MM,8,1,Phyllodocida,24,0.009615385,
Fraser ,25-Jun-16,1.1,MRB FR 017B,1,,1,27-Sep-16,MM,8,1,Appendicularia,32,0.012820513,
Fraser ,25-Jun-16,1.1,MRB FR 017B,1,,1,27-Sep-16,MM,8,1,Harpac,952,0.381410256,
Fraser ,25-Jun-16,1.1,MRB FR 017B,1,,1,27-Sep-16,MM,8,1,Calanoid,1368,0.548076923,
Fraser ,25-Jun-16,1.1,MRB FR 017B,1,,1,27-Sep-16,MM,8,1,Barnacle,24,0.009615385,
Fraser ,25-Jun-16,1.1,MRB FR 017B,1,,1,27-Sep-16,MM,8,1,Brachyura,1,0.000400641,1
Fraser ,11-Jun-16,2.2,MRB FR 017B,1,,0,,,,,NAN,,,
Fraser ,11-Jun-16,1.2,FR 017B,1,,0,,,,,NAN,,,
Fraser ,11-Jun-16,2.2,MRB SF FR 016,0,,0,,,,,NAN,,,
Fraser ,11-Jun-16,1.2,MRB SF FR 016,0,,0,,,,,NAN,,,
Fraser ,11-Jun-16,1.1,MRB FR 017B,1,,1,21-Sep-16,MM,1,2,Harpac,1,0.004273504,234
Fraser ,11-Jun-16,1.1,MRB FR 017B,1,,1,21-Sep-16,MM,1,2,Calanoid,2,0.008547009,
Fraser ,11-Jun-16,1.1,MRB FR 017B,1,,1,21-Sep-16,MM,1,1,Phyllodocida,3,0.012820513,
Fraser ,11-Jun-16,1.1,MRB FR 017B,1,,1,21-Sep-16,MM,1,1,Harpac,113,0.482905983,
Fraser ,11-Jun-16,1.1,MRB FR 017B,1,,1,21-Sep-16,MM,1,1,Calanoid,115,0.491452991,
Fraser ,11-Jun-16,1.1,MRB SF FR 016,0,,1,27-Sep-16,MM,8,1,Cladoceran,216,0.101503759,2128
Fraser ,11-Jun-16,1.1,MRB SF FR 016,0,,1,27-Sep-16,MM,8,1,Appendicularia,32,0.015037594,
Fraser ,11-Jun-16,1.1,MRB SF FR 016,0,,1,27-Sep-16,MM,8,1,Harpac,328,0.154135338,
Fraser ,11-Jun-16,1.1,MRB SF FR 016,0,,1,27-Sep-16,MM,8,1,Calanoid,1464,0.687969925,
Fraser ,11-Jun-16,1.1,MRB SF FR 016,0,,1,27-Sep-16,MM,8,1,Barnacle,88,0.041353383,1
Fraser ,11-Jun-16,2.1,MRB SF FR 016,0,,1,16-Sep-16,MM,1,1,Cladoceran,73,0.226708075,322
Fraser ,11-Jun-16,2.1,MRB SF FR 016,0,,1,16-Sep-16,MM,1,1,Appendicularia,21,0.065217391,
Fraser ,11-Jun-16,2.1,MRB SF FR 016,0,,1,16-Sep-16,MM,1,1,Calanoid,204,0.633540373,
Fraser ,11-Jun-16,2.1,MRB SF FR 016,0,,1,16-Sep-16,MM,1,1,Mysida,2,0.00621118,
Fraser ,11-Jun-16,2.1,MRB SF FR 016,0,,1,16-Sep-16,MM,1,1,Barnacle,10,0.031055901,
Fraser ,11-Jun-16,2.1,MRB SF FR 016,0,,1,16-Sep-16,MM,1,1,Phyllodocida,12,0.037267081,1
Fraser ,11-Jun-16,2.1,MRB FR 017B,1,,1,20-Sep-16,MM,20,1,Cladoceran,200,0.047619048,4200
Fraser ,11-Jun-16,2.1,MRB FR 017B,1,,1,20-Sep-16,MM,20,1,Phyllodocida,20,0.004761905,
Fraser ,11-Jun-16,2.1,MRB FR 017B,1,,1,20-Sep-16,MM,20,1,Appendicularia,20,0.004761905,
Fraser ,11-Jun-16,2.1,MRB FR 017B,1,,1,20-Sep-16,MM,20,1,Harpac,1660,0.395238095,
Fraser ,11-Jun-16,2.1,MRB FR 017B,1,,1,20-Sep-16,MM,20,1,Calanoid,1880,0.447619048,
Fraser ,11-Jun-16,2.1,MRB FR 017B,1,,1,20-Sep-16,MM,20,1,Barnacle,420,0.1,1
Fraser ,27-May-16,2.2,MRB SF FR 016,0,,0,,,,,NAN,,,
Fraser ,27-May-16,1.2,MRB FR 017B,1,,0,,,,,NAN,,,
Fraser ,27-May-16,1.2,MRB SF FR 016,0,,0,,,,,NAN,,,
Fraser ,27-May-16,2.2,MRB FR 017B,1,,0,,,,,NAN,,,
Fraser ,27-May-16,1.1,MRB SF FR 016,0,1,1,23-Aug-16,MM,3,2,Phyllodocida,1,0.00075643,1322
Fraser ,27-May-16,1.1,MRB SF FR 016,0,1,1,23-Aug-16,MM,3,2,Appendicularia,1,0.00075643,
Fraser ,27-May-16,1.1,MRB SF FR 016,0,1,1,23-Aug-16,MM,3,1,Cladoceran,786,0.594553707,
Fraser ,27-May-16,1.1,MRB SF FR 016,0,1,1,23-Aug-16,MM,3,1,Gastropod,15,0.011346445,
Fraser ,27-May-16,1.1,MRB SF FR 016,0,1,1,23-Aug-16,MM,3,1,Appendicularia,30,0.02269289,
Fraser ,27-May-16,1.1,MRB SF FR 016,0,1,1,23-Aug-16,MM,3,1,Echinoderm,6,0.004538578,
Fraser ,27-May-16,1.1,MRB SF FR 016,0,1,1,23-Aug-16,MM,3,1,Harpac,66,0.049924357,
Fraser ,27-May-16,1.1,MRB SF FR 016,0,1,1,23-Aug-16,MM,3,1,Calanoid,339,0.256429652,
Fraser ,27-May-16,1.1,MRB SF FR 016,0,1,1,23-Aug-16,MM,3,1,Brachyura,3,0.002269289,
Fraser ,27-May-16,1.1,MRB SF FR 016,0,1,1,23-Aug-16,MM,3,1,Barnacle,75,0.056732224,1
Fraser ,27-May-16,2.1,MRB SF FR 016,0,1,1,27-Aug-16,MM,10,1,Appendicularia,300,0.08,3750
Fraser ,27-May-16,2.1,MRB SF FR 016,0,1,1,27-Aug-16,MM,10,1,Valvifera,60,0.016,
Fraser ,27-May-16,2.1,MRB SF FR 016,0,1,1,27-Aug-16,MM,10,1,Harpac,370,0.098666667,
Fraser ,27-May-16,2.1,MRB SF FR 016,0,1,1,27-Aug-16,MM,10,1,Calanoid,590,0.157333333,
Fraser ,27-May-16,2.1,MRB SF FR 016,0,1,1,27-Aug-16,MM,10,1,UK4,30,0.008,
Fraser ,27-May-16,2.1,MRB SF FR 016,0,1,1,27-Aug-16,MM,10,1,Cladoceran,2360,0.629333333,
Fraser ,27-May-16,2.1,MRB SF FR 016,0,1,1,27-Aug-16,MM,10,1,Barnacle,40,0.010666667,1
Fraser ,27-May-16,1.1,MRB FR 017,1,1,1,21-Aug-16,MM,13.33333333,2,Gammarid,3,0.000331712,9044
Fraser ,27-May-16,1.1,MRB FR 017,1,1,1,21-Aug-16,MM,13.33333333,2,Natantia,1,0.000110571,
Fraser ,27-May-16,1.1,MRB FR 017,1,1,1,21-Aug-16,MM,13.33333333,1,Cladoceran,3693.333333,0.408373876,
Fraser ,27-May-16,1.1,MRB FR 017,1,1,1,21-Aug-16,MM,13.33333333,1,Harpac,426.6666667,0.047176765,
Fraser ,27-May-16,1.1,MRB FR 017,1,1,1,21-Aug-16,MM,13.33333333,1,Calanoid,4160,0.459973463,
Fraser ,27-May-16,1.1,MRB FR 017,1,1,1,21-Aug-16,MM,13.33333333,1,Mysida,53.33333333,0.005897096,
Fraser ,27-May-16,1.1,MRB FR 017,1,1,1,21-Aug-16,MM,13.33333333,1,Barnacle,706.6666667,0.078136518,1
Fraser ,27-May-16,2.1,MRB FR 017,1,1,1,23-Aug-16,MM,3.75,1,Cladoceran,648.75,0.492877493,1316.25
Fraser ,27-May-16,2.1,MRB FR 017,1,1,1,23-Aug-16,MM,3.75,1,Appendicularia,41.25,0.031339031,
Fraser ,27-May-16,2.1,MRB FR 017,1,1,1,23-Aug-16,MM,3.75,1,Echinoderm,7.5,0.005698006,
Fraser ,27-May-16,2.1,MRB FR 017,1,1,1,23-Aug-16,MM,3.75,1,Harpac,116.25,0.088319088,
Fraser ,27-May-16,2.1,MRB FR 017,1,1,1,23-Aug-16,MM,3.75,1,Calanoid,408.75,0.310541311,
Fraser ,27-May-16,2.1,MRB FR 017,1,1,1,23-Aug-16,MM,3.75,1,Mysida,7.5,0.005698006,
Fraser ,27-May-16,2.1,MRB FR 017,1,1,1,23-Aug-16,MM,3.75,1,Brachyura,3.75,0.002849003,
Fraser ,27-May-16,2.1,MRB FR 017,1,1,1,23-Aug-16,MM,3.75,1,Cnetophora,3.75,0.002849003,
Fraser ,27-May-16,2.1,MRB FR 017,1,1,1,23-Aug-16,MM,3.75,1,Barnacle,78.75,0.05982906,1
Fraser ,11-May-16,1.1,MRB FR 017B,1,,1,11-Aug-16,MM,1,1,Cladoceran,182,0.197826087,920
Fraser ,11-May-16,1.1,MRB FR 017B,1,,1,11-Aug-16,MM,1,1,Phyllodocida,43,0.04673913,
Fraser ,11-May-16,1.1,MRB FR 017B,1,,1,11-Aug-16,MM,1,1,Harpac,273,0.29673913,
Fraser ,11-May-16,1.1,MRB FR 017B,1,,1,11-Aug-16,MM,1,1,Calanoid,401,0.435869565,
Fraser ,11-May-16,1.1,MRB FR 017B,1,,1,11-Aug-16,MM,1,1,Mysida,7,0.007608696,
Fraser ,11-May-16,1.1,MRB FR 017B,1,,1,11-Aug-16,MM,1,1,Cumacea,9,0.009782609,
Fraser ,11-May-16,1.1,MRB FR 017B,1,,1,11-Aug-16,MM,1,1,Brachyura,4,0.004347826,
Fraser ,11-May-16,1.1,MRB FR 017B,1,,1,11-Aug-16,MM,1,2,Gammarid,1,0.001086957,1
Fraser ,11-May-16,1.2,MRB SF FR 016,0,,0,,,,,NAN,,,
Fraser ,11-May-16,1.1,MRB SF FR 016,0,1,1,11-Aug-16,MM,1,10,Gammarid,1,0.002197802,455
Fraser ,11-May-16,1.1,MRB SF FR 016,0,1,1,11-Aug-16,MM,1,1,Gammarid,3,0.006593407,
Fraser ,11-May-16,1.1,MRB SF FR 016,0,1,1,11-Aug-16,MM,1,1,Cladoceran,197,0.432967033,
Fraser ,11-May-16,1.1,MRB SF FR 016,0,1,1,11-Aug-16,MM,1,1,Valvifera,1,0.002197802,
Fraser ,11-May-16,1.1,MRB SF FR 016,0,1,1,11-Aug-16,MM,1,1,Phyllodocida,5,0.010989011,
Fraser ,11-May-16,1.1,MRB SF FR 016,0,1,1,11-Aug-16,MM,1,1,Harpac,159,0.349450549,
Fraser ,11-May-16,1.1,MRB SF FR 016,0,1,1,11-Aug-16,MM,1,1,Calanoid,68,0.149450549,
Fraser ,11-May-16,1.1,MRB SF FR 016,0,1,1,11-Aug-16,MM,1,1,Mysida,1,0.002197802,
Fraser ,11-May-16,1.1,MRB SF FR 016,0,1,1,11-Aug-16,MM,1,1,Ostracod,20,0.043956044,1
Fraser ,11-May-16,2.1,MRB SF FR 016,0,1,0,,,,,NAN,,,
Fraser ,30-Apr-16,2.2,MRB SF FR 016,0,1,0,,,,,NAN,,,
Fraser ,30-Apr-16,1.2,MRB FR 017,1,1,0,,,,,NAN,,,
Fraser ,30-Apr-16,2.2,MRB FR 017,1,1,0,,,,,NAN,,,
Fraser ,30-Apr-16,1.2,MRB SF FR 016,0,1,0,,,,,NAN,,,
Fraser ,30-Apr-16,1.1,MRB SF FR 016,0,1,1,21-Aug-16,MM,1,1,Gammarid,1,0.001564945,639
Fraser ,30-Apr-16,1.1,MRB SF FR 016,0,1,1,21-Aug-16,MM,1,1,Cladoceran,67,0.10485133,
Fraser ,30-Apr-16,1.1,MRB SF FR 016,0,1,1,21-Aug-16,MM,1,1,Appendicularia,27,0.042253521,
Fraser ,30-Apr-16,1.1,MRB SF FR 016,0,1,1,21-Aug-16,MM,1,1,Cyclopoid,3,0.004694836,
Fraser ,30-Apr-16,1.1,MRB SF FR 016,0,1,1,21-Aug-16,MM,1,1,Harpac,109,0.17057903,
Fraser ,30-Apr-16,1.1,MRB SF FR 016,0,1,1,21-Aug-16,MM,1,1,Calanoid,371,0.580594679,
Fraser ,30-Apr-16,1.1,MRB SF FR 016,0,1,1,21-Aug-16,MM,1,1,Mysida,3,0.004694836,
Fraser ,30-Apr-16,1.1,MRB SF FR 016,0,1,1,21-Aug-16,MM,1,1,Barnacle,58,0.090766823,1
Fraser ,30-Apr-16,2.1,MRB SF FR 016,0,1,1,21-Aug-16,MM,1,10,UK16,1,0.002717391,368
Fraser ,30-Apr-16,2.1,MRB SF FR 016,0,1,1,21-Aug-16,MM,1,1,Cladoceran,43,0.116847826,
Fraser ,30-Apr-16,2.1,MRB SF FR 016,0,1,1,21-Aug-16,MM,1,1,Appendicularia,17,0.046195652,
Fraser ,30-Apr-16,2.1,MRB SF FR 016,0,1,1,21-Aug-16,MM,1,1,Harpac,35,0.095108696,
Fraser ,30-Apr-16,2.1,MRB SF FR 016,0,1,1,21-Aug-16,MM,1,1,Calanoid,180,0.489130435,
Fraser ,30-Apr-16,2.1,MRB SF FR 016,0,1,1,21-Aug-16,MM,1,1,Mysida,3,0.008152174,
Fraser ,30-Apr-16,2.1,MRB SF FR 016,0,1,1,21-Aug-16,MM,1,1,Ostracod,44,0.119565217,
Fraser ,30-Apr-16,2.1,MRB SF FR 016,0,1,1,21-Aug-16,MM,1,1,Barnacle,45,0.122282609,
Fraser ,30-Apr-16,1.1,MRB FR 017,1,1,1,11-Aug-16,MM,8,1,Valvifera,16,0.005235602,3056
Fraser ,30-Apr-16,1.1,MRB FR 017,1,1,1,11-Aug-16,MM,8,1,Phyllodocida,8,0.002617801,
Fraser ,30-Apr-16,1.1,MRB FR 017,1,1,1,11-Aug-16,MM,8,1,Harpac,2232,0.730366492,
Fraser ,30-Apr-16,1.1,MRB FR 017,1,1,1,11-Aug-16,MM,8,1,Calanoid,776,0.253926702,
Fraser ,30-Apr-16,1.1,MRB FR 017,1,1,1,11-Aug-16,MM,8,1,Mysida,8,0.002617801,
Fraser ,30-Apr-16,1.1,MRB FR 017,1,1,1,11-Aug-16,MM,8,1,Cumacea,16,0.005235602,
Fraser ,30-Apr-16,2.1,MRB FR 017,1,1,1,21-Aug-16,MM,5,2,Gammarid,4,0.001167883,3425
Fraser ,30-Apr-16,2.1,MRB FR 017,1,1,1,21-Aug-16,MM,5,2,Mysida,3,0.000875912,
Fraser ,30-Apr-16,2.1,MRB FR 017,1,1,1,21-Aug-16,MM,5,2,Brachyura,1,0.000291971,
Fraser ,30-Apr-16,2.1,MRB FR 017,1,1,1,21-Aug-16,MM,5,1,Gammarid,2,0.000583942,
Fraser ,30-Apr-16,2.1,MRB FR 017,1,1,1,21-Aug-16,MM,5,1,Cladoceran,115,0.033576642,
Fraser ,30-Apr-16,2.1,MRB FR 017,1,1,1,21-Aug-16,MM,5,1,Phyllodocida,60,0.017518248,
Fraser ,30-Apr-16,2.1,MRB FR 017,1,1,1,21-Aug-16,MM,5,1,Harpac,755,0.220437956,
Fraser ,30-Apr-16,2.1,MRB FR 017,1,1,1,21-Aug-16,MM,5,1,Calanoid,1775,0.518248175,
Fraser ,30-Apr-16,2.1,MRB FR 017,1,1,1,21-Aug-16,MM,5,1,Barnacle,710,0.20729927,
Fraser ,16-Apr-16,1.2,FR_017,1,,0,,,,,NAN,,,
Fraser ,16-Apr-16,2.2,SF FR 016 ,0,,0,,,,,NAN,,,
Fraser ,16-Apr-16,2.2,FR 017,1,,0,,,,,NAN,,,
Fraser ,16-Apr-16,1.2,FR 016 Sand,0,,0,,,,,NAN,,,
Fraser ,16-Apr-16,1.1,FR 017 ,1,,1,22-Sep-16,MM,1,2,Gammarid,3,0.007672634,391
Fraser ,16-Apr-16,1.1,FR 017 ,1,,1,22-Sep-16,MM,1,2,Mysida,1,0.002557545,
Fraser ,16-Apr-16,1.1,FR 017 ,1,,1,22-Sep-16,MM,1,1,Cladoceran,7,0.017902813,
Fraser ,16-Apr-16,1.1,FR 017 ,1,,1,22-Sep-16,MM,1,1,Phyllodocida,7,0.017902813,
Fraser ,16-Apr-16,1.1,FR 017 ,1,,1,22-Sep-16,MM,1,1,Appendicularia,3,0.007672634,
Fraser ,16-Apr-16,1.1,FR 017 ,1,,1,22-Sep-16,MM,1,1,Harpac,240,0.613810742,
Fraser ,16-Apr-16,1.1,FR 017 ,1,,1,22-Sep-16,MM,1,1,Calanoid,124,0.31713555,
Fraser ,16-Apr-16,1.1,FR 017 ,1,,1,22-Sep-16,MM,1,1,Barnacle,5,0.012787724,
Fraser ,16-Apr-16,1.1,FR 017 ,1,,1,22-Sep-16,MM,1,1,Echinoderm,1,0.002557545,
Fraser ,16-Apr-16,1.1,Site 3 SF FR 016 ,0,,1,20-Sep-16,MM,13.33333333,1,Cladoceran,960,0.168618267,5693.333333
Fraser ,16-Apr-16,1.1,Site 3 SF FR 016 ,0,,1,20-Sep-16,MM,13.33333333,1,Appendicularia,40,0.007025761,
Fraser ,16-Apr-16,1.1,Site 3 SF FR 016 ,0,,1,20-Sep-16,MM,13.33333333,1,Harpac,200,0.035128806,
Fraser ,16-Apr-16,1.1,Site 3 SF FR 016 ,0,,1,20-Sep-16,MM,13.33333333,1,Calanoid,4346.666667,0.763466042,
Fraser ,16-Apr-16,1.1,Site 3 SF FR 016 ,0,,1,20-Sep-16,MM,13.33333333,1,Phyllodocida,40,0.007025761,
Fraser ,16-Apr-16,1.1,Site 3 SF FR 016 ,0,,1,20-Sep-16,MM,13.33333333,1,Barnacle,106.6666667,0.018735363,
Fraser ,16-Apr-16,2.1,Site 2 FR 017,1,,1,30-Sep-16,MM,40,10,Valvifera,1,7.34268E-05,13619
Fraser ,16-Apr-16,2.1,Site 2 FR 017,1,,1,30-Sep-16,MM,40,2,Gammarid,13,0.000954549,
Fraser ,16-Apr-16,2.1,Site 2 FR 017,1,,1,30-Sep-16,MM,40,2,Calanoid,1,7.34268E-05,
Fraser ,16-Apr-16,2.1,Site 2 FR 017,1,,1,30-Sep-16,MM,40,2,Mysida,1,7.34268E-05,
Fraser ,16-Apr-16,2.1,Site 2 FR 017,1,,1,30-Sep-16,MM,40,2,Brachyura,3,0.00022028,
Fraser ,16-Apr-16,2.1,Site 2 FR 017,1,,1,30-Sep-16,MM,40,1,Cladoceran,240,0.017622439,
Fraser ,16-Apr-16,2.1,Site 2 FR 017,1,,1,30-Sep-16,MM,40,1,Harpac,9640,0.707834643,
Fraser ,16-Apr-16,2.1,Site 2 FR 017,1,,1,30-Sep-16,MM,40,1,Calanoid,3520,0.258462442,
Fraser ,16-Apr-16,2.1,Site 2 FR 017,1,,1,30-Sep-16,MM,40,1,Barnacle,120,0.00881122,
Fraser ,16-Apr-16,2.1,Site 2 FR 017,1,,1,30-Sep-16,MM,40,1,Phyllodocida,80,0.005874146,
Fraser ,16-Apr-16,2.1,Site 2 FR 017,1,,1,20-Sep-16,MM,13.33333333,2,Cumacea,1,0.000153014,6535.333333
Fraser ,16-Apr-16,2.1,Site 2 FR 017,1,,1,20-Sep-16,MM,13.33333333,2,UK21,1,0.000153014,
Fraser ,16-Apr-16,2.1,Site 2 FR 017,1,,1,20-Sep-16,MM,13.33333333,1,Cladoceran,733.3333333,0.112210548,
Fraser ,16-Apr-16,2.1,Site 2 FR 017,1,,1,20-Sep-16,MM,13.33333333,1,Appendicularia,13.33333333,0.002040192,
Fraser ,16-Apr-16,2.1,Site 2 FR 017,1,,1,20-Sep-16,MM,13.33333333,1,Harpac,186.6666667,0.028562685,
Fraser ,16-Apr-16,2.1,Site 2 FR 017,1,,1,20-Sep-16,MM,13.33333333,1,Calanoid,5440,0.832398245,
Fraser ,16-Apr-16,2.1,Site 2 FR 017,1,,1,20-Sep-16,MM,13.33333333,1,Barnacle,26.66666667,0.004080384,
Fraser ,16-Apr-16,2.1,Site 2 FR 017,1,,1,20-Sep-16,MM,13.33333333,1,Phyllodocida,133.3333333,0.020401918,
Fraser ,16-Apr-16,2.1,Site 3 FR 016,0,,0,,,,,NAN,,,
Fraser ,30-Mar-16,1.2,WPT 017_FR Rob Bank,1,,0,,,,,NAN,,,
Fraser ,30-Mar-16,1.2,NRB SF WB FR 016,0,,0,,,,,NAN,,,
Fraser ,30-Mar-16,2.2,NRB WP FR 017,1,,0,,,,,NAN,,,
Fraser ,30-Mar-16,2.2,WPT 016_FR NRB SF,0,,0,,,,,NAN,,,
Fraser ,30-Mar-16,2.1,NRB WP FR 017,1,,1,20-Sep-16,MM,4,1,Cladoceran,4,0.005319149,752
Fraser ,30-Mar-16,2.1,NRB WP FR 017,1,,1,20-Sep-16,MM,4,1,Phyllodocida,24,0.031914894,
Fraser ,30-Mar-16,2.1,NRB WP FR 017,1,,1,20-Sep-16,MM,4,1,Harpac,16,0.021276596,
Fraser ,30-Mar-16,2.1,NRB WP FR 017,1,,1,20-Sep-16,MM,4,1,Calanoid,692,0.920212766,
Fraser ,30-Mar-16,2.1,NRB WP FR 017,1,,1,20-Sep-16,MM,4,1,Barnacle,16,0.021276596,
Fraser ,30-Mar-16,1.1,NRB SF WP FR 016,0,,1,22-Sep-16,MM,8,1,Cladoceran,8,0.00370199,2161
Fraser ,30-Mar-16,1.1,NRB SF WP FR 016,0,,1,22-Sep-16,MM,8,1,Phyllodocida,8,0.00370199,
Fraser ,30-Mar-16,1.1,NRB SF WP FR 016,0,,1,22-Sep-16,MM,8,1,Harpac,32,0.014807959,
Fraser ,30-Mar-16,1.1,NRB SF WP FR 016,0,,1,22-Sep-16,MM,8,1,Calanoid,2112,0.977325312,
Fraser ,30-Mar-16,1.1,NRB SF WP FR 016,0,,1,22-Sep-16,MM,8,2,Mysida,1,0.000462749,
Fraser ,30-Mar-16,1.1,NRB WPT FR 017,1,,1,22-Sep-16,MM,4,2,Mysida,34,0.01218638,2790
Fraser ,30-Mar-16,1.1,NRB WPT FR 017,1,,1,22-Sep-16,MM,4,1,Harpac,1000,0.358422939,
Fraser ,30-Mar-16,1.1,NRB WPT FR 017,1,,1,22-Sep-16,MM,4,1,Calanoid,580,0.207885305,
Fraser ,30-Mar-16,1.1,NRB WPT FR 017,1,,1,22-Sep-16,MM,4,1,Barnacle,4,0.001433692,
Fraser ,30-Mar-16,2.1,NRB SF WB FR 016,0,,1,22-Sep-16,MM,4,1,Cladoceran,4,0.001433692,
Fraser ,30-Mar-16,2.1,NRB SF WB FR 016,0,,1,22-Sep-16,MM,4,1,Phyllodocida,4,0.001433692,
Fraser ,30-Mar-16,2.1,NRB SF WB FR 016,0,,1,22-Sep-16,MM,4,1,Calanoid,1164,0.417204301,
Qualicum ,06-Jul-16,1.1,Bowser L4,1,,1,29-Sep-16,MM,1,10,Gammarid,3,0.019230769,156
Qualicum ,06-Jul-16,1.1,Bowser L4,1,,1,29-Sep-16,MM,1,6,Gammarid,4,0.025641026,
Qualicum ,06-Jul-16,1.1,Bowser L4,1,,1,29-Sep-16,MM,1,26,UK9,2,0.012820513,
Qualicum ,06-Jul-16,1.1,Bowser L4,1,,1,29-Sep-16,MM,1,22,UK9,2,0.012820513,
Qualicum ,06-Jul-16,1.1,Bowser L4,1,,1,29-Sep-16,MM,1,18,UK9,6,0.038461538,
Qualicum ,06-Jul-16,1.1,Bowser L4,1,,1,29-Sep-16,MM,1,14,UK9,17,0.108974359,
Qualicum ,06-Jul-16,1.1,Bowser L4,1,,1,29-Sep-16,MM,1,10,UK9,18,0.115384615,
Qualicum ,06-Jul-16,1.1,Bowser L4,1,,1,29-Sep-16,MM,1,6,UK9,4,0.025641026,
Qualicum ,06-Jul-16,1.1,Bowser L4,1,,1,29-Sep-16,MM,1,22,UK10,2,0.012820513,
Qualicum ,06-Jul-16,1.1,Bowser L4,1,,1,29-Sep-16,MM,1,2,Gammarid,9,0.057692308,
Qualicum ,06-Jul-16,1.1,Bowser L4,1,,1,29-Sep-16,MM,1,2,Valvifera,1,0.006410256,
Qualicum ,06-Jul-16,1.1,Bowser L4,1,,1,29-Sep-16,MM,1,2,UK9,47,0.301282051,
Qualicum ,06-Jul-16,1.1,Bowser L4,1,,1,29-Sep-16,MM,1,1,Gammarid,37,0.237179487,
Qualicum ,06-Jul-16,1.1,Bowser L4,1,,1,29-Sep-16,MM,1,1,Valvifera,4,0.025641026,
Qualicum ,06-Jul-16,2.2,Bowser L2,1,,0,,,,,NAN,,,
Qualicum ,06-Jul-16,2.1,Bowser L2,1,,1,29-Sep-16,MM,1,22,UK9,1,0.007692308,130
Qualicum ,06-Jul-16,2.1,Bowser L2,1,,1,29-Sep-16,MM,1,18,UK9,9,0.069230769,
Qualicum ,06-Jul-16,2.1,Bowser L2,1,,1,29-Sep-16,MM,1,14,UK9,21,0.161538462,
Qualicum ,06-Jul-16,2.1,Bowser L2,1,,1,29-Sep-16,MM,1,10,UK9,13,0.1,
Qualicum ,06-Jul-16,2.1,Bowser L2,1,,1,29-Sep-16,MM,1,6,UK9,2,0.015384615,
Qualicum ,06-Jul-16,2.1,Bowser L2,1,,1,29-Sep-16,MM,1,18,UK10,1,0.007692308,
Qualicum ,06-Jul-16,2.1,Bowser L2,1,,1,29-Sep-16,MM,1,42,UK10,1,0.007692308,
Qualicum ,06-Jul-16,2.1,Bowser L2,1,,1,29-Sep-16,MM,1,26,UK13,1,0.007692308,
Qualicum ,06-Jul-16,2.1,Bowser L2,1,,1,29-Sep-16,MM,1,14,Brachyura,2,0.015384615,
Qualicum ,06-Jul-16,2.1,Bowser L2,1,,1,29-Sep-16,MM,1,10,Brachyura,2,0.015384615,
Qualicum ,06-Jul-16,2.1,Bowser L2,1,,1,29-Sep-16,MM,1,6,Brachyura,1,0.007692308,
Qualicum ,06-Jul-16,2.1,Bowser L2,1,,1,29-Sep-16,MM,1,2,Gammarid,15,0.115384615,
Qualicum ,06-Jul-16,2.1,Bowser L2,1,,1,29-Sep-16,MM,1,2,UK9,36,0.276923077,
Qualicum ,06-Jul-16,2.1,Bowser L2,1,,1,29-Sep-16,MM,1,1,Gammarid,11,0.084615385,
Qualicum ,06-Jul-16,2.1,Bowser L2,1,,1,29-Sep-16,MM,1,1,Valvifera,3,0.023076923,
Qualicum ,06-Jul-16,2.1,Bowser L2,1,,1,29-Sep-16,MM,1,1,Harpac,6,0.046153846,
Qualicum ,06-Jul-16,2.1,Bowser L2,1,,1,29-Sep-16,MM,1,1,Mysida,4,0.030769231,
Qualicum ,06-Jul-16,2.1,Bowser L2,1,,1,29-Sep-16,MM,1,1,Cumacea,1,0.007692308,
Qualicum ,06-Jul-16,1.2,Bowser L4,1,,0,,,,,NAN,,,
Qualicum ,22-Jun-16,1.1,Sunny Beach,0,,1,29-Jul-16,MM,1,6,Gastropod,1,0.001272265,786
Qualicum ,22-Jun-16,1.1,Sunny Beach,0,,1,29-Jul-16,MM,1,6,Phyllodocida,1,0.001272265,
Qualicum ,22-Jun-16,1.1,Sunny Beach,0,,1,29-Jul-16,MM,1,22,Phyllodocida,1,0.001272265,
Qualicum ,22-Jun-16,1.1,Sunny Beach,0,,1,29-Jul-16,MM,1,14,Phyllodocida,1,0.001272265,
Qualicum ,22-Jun-16,1.1,Sunny Beach,0,,1,29-Jul-16,MM,1,22,UK9,1,0.001272265,
Qualicum ,22-Jun-16,1.1,Sunny Beach,0,,1,29-Jul-16,MM,1,18,UK9,2,0.002544529,
Qualicum ,22-Jun-16,1.1,Sunny Beach,0,,1,29-Jul-16,MM,1,14,UK9,5,0.006361323,
Qualicum ,22-Jun-16,1.1,Sunny Beach,0,,1,29-Jul-16,MM,1,10,UK9,9,0.011450382,
Qualicum ,22-Jun-16,1.1,Sunny Beach,0,,1,29-Jul-16,MM,1,6,UK9,9,0.011450382,
Qualicum ,22-Jun-16,1.1,Sunny Beach,0,,1,29-Jul-16,MM,1,22,Brachyura,1,0.001272265,
Qualicum ,22-Jun-16,1.1,Sunny Beach,0,,1,29-Jul-16,MM,1,6,Brachyura,1,0.001272265,
Qualicum ,22-Jun-16,1.1,Sunny Beach,0,,1,29-Jul-16,MM,1,2,Gammarid,13,0.01653944,
Qualicum ,22-Jun-16,1.1,Sunny Beach,0,,1,29-Jul-16,MM,1,2,Caprellidea,106,0.134860051,
Qualicum ,22-Jun-16,1.1,Sunny Beach,0,,1,29-Jul-16,MM,1,2,Valvifera,7,0.008905852,
Qualicum ,22-Jun-16,1.1,Sunny Beach,0,,1,29-Jul-16,MM,1,2,Phyllodocida,57,0.072519084,
Qualicum ,22-Jun-16,1.1,Sunny Beach,0,,1,29-Jul-16,MM,1,2,UK10,9,0.011450382,
Qualicum ,22-Jun-16,1.1,Sunny Beach,0,,1,29-Jul-16,MM,1,2,UK9,309,0.393129771,
Qualicum ,22-Jun-16,1.1,Sunny Beach,0,,1,29-Jul-16,MM,1,2,Brachyura,9,0.011450382,
Qualicum ,22-Jun-16,1.1,Sunny Beach,0,,1,29-Jul-16,MM,1,1,Gammarid,19,0.024173028,
Qualicum ,22-Jun-16,1.1,Sunny Beach,0,,1,29-Jul-16,MM,1,1,Caprellidea,91,0.115776081,
Qualicum ,22-Jun-16,1.1,Sunny Beach,0,,1,29-Jul-16,MM,1,1,Valvifera,2,0.002544529,
Qualicum ,22-Jun-16,1.1,Sunny Beach,0,,1,29-Jul-16,MM,1,1,Phyllodocida,107,0.136132316,
Qualicum ,22-Jun-16,1.1,Sunny Beach,0,,1,29-Jul-16,MM,1,1,Appendicularia,2,0.002544529,
Qualicum ,22-Jun-16,1.1,Sunny Beach,0,,1,29-Jul-16,MM,1,1,Harpac,1,0.001272265,
Qualicum ,22-Jun-16,1.1,Sunny Beach,0,,1,29-Jul-16,MM,1,1,UK9,10,0.012722646,
Qualicum ,22-Jun-16,1.1,Sunny Beach,0,,1,29-Jul-16,MM,1,1,Cumacea,3,0.003816794,
Qualicum ,22-Jun-16,1.1,Sunny Beach,0,,1,29-Jul-16,MM,1,1,Ostracod,9,0.011450382,
Qualicum ,22-Jun-16,2.1,Sunny Beach,0,,1,27-Jul-16,MM,1,6,Phyllodocida,2,0.033333333,60
Qualicum ,22-Jun-16,2.1,Sunny Beach,0,,1,27-Jul-16,MM,1,2,Gammarid,1,0.016666667,
Qualicum ,22-Jun-16,2.1,Sunny Beach,0,,1,27-Jul-16,MM,1,2,Caprellidea,4,0.066666667,
Qualicum ,22-Jun-16,2.1,Sunny Beach,0,,1,27-Jul-16,MM,1,2,Phyllodocida,7,0.116666667,
Qualicum ,22-Jun-16,2.1,Sunny Beach,0,,1,27-Jul-16,MM,1,2,Harpac,1,0.016666667,
Qualicum ,22-Jun-16,2.1,Sunny Beach,0,,1,27-Jul-16,MM,1,2,UK9,5,0.083333333,
Qualicum ,22-Jun-16,2.1,Sunny Beach,0,,1,27-Jul-16,MM,1,2,Cumacea,11,0.183333333,
Qualicum ,22-Jun-16,2.1,Sunny Beach,0,,1,27-Jul-16,MM,1,1,Gammarid,1,0.016666667,
Qualicum ,22-Jun-16,2.1,Sunny Beach,0,,1,27-Jul-16,MM,1,1,Gastropod,1,0.016666667,
Qualicum ,22-Jun-16,2.1,Sunny Beach,0,,1,27-Jul-16,MM,1,1,Phyllodocida,8,0.133333333,
Qualicum ,22-Jun-16,2.1,Sunny Beach,0,,1,27-Jul-16,MM,1,1,Harpac,1,0.016666667,
Qualicum ,22-Jun-16,2.1,Sunny Beach,0,,1,27-Jul-16,MM,1,1,Calanoid,1,0.016666667,
Qualicum ,22-Jun-16,2.1,Sunny Beach,0,,1,27-Jul-16,MM,1,1,Cumacea,16,0.266666667,
Qualicum ,22-Jun-16,2.1,Sunny Beach,0,,1,27-Jul-16,MM,1,1,Ostracod,1,0.016666667,
Qualicum ,22-Jun-16,1.2,Sunny Beach,0,,0,,,,,NAN,,,
Qualicum ,22-Jun-16,2.2,Sunny Beach,0,,0,,,,,NAN,,,
Qualicum ,21-Jun-16,1.1,Bowser L4,1,,1,03-Aug-16,MM,1,10,Caprellidea,2,0.005464481,366
Qualicum ,21-Jun-16,1.1,Bowser L4,1,,1,03-Aug-16,MM,1,6,Caprellidea,4,0.010928962,
Qualicum ,21-Jun-16,1.1,Bowser L4,1,,1,03-Aug-16,MM,1,6,Gastropod,2,0.005464481,
Qualicum ,21-Jun-16,1.1,Bowser L4,1,,1,03-Aug-16,MM,1,6,UK10,1,0.00273224,
Qualicum ,21-Jun-16,1.1,Bowser L4,1,,1,03-Aug-16,MM,1,22,UK9,2,0.005464481,
Qualicum ,21-Jun-16,1.1,Bowser L4,1,,1,03-Aug-16,MM,1,18,UK9,17,0.046448087,
Qualicum ,21-Jun-16,1.1,Bowser L4,1,,1,03-Aug-16,MM,1,14,UK9,26,0.071038251,
Qualicum ,21-Jun-16,1.1,Bowser L4,1,,1,03-Aug-16,MM,1,10,UK9,71,0.193989071,
Qualicum ,21-Jun-16,1.1,Bowser L4,1,,1,03-Aug-16,MM,1,6,UK9,38,0.103825137,
Qualicum ,21-Jun-16,1.1,Bowser L4,1,,1,03-Aug-16,MM,1,10,Fish Larvae,2,0.005464481,
Qualicum ,21-Jun-16,1.1,Bowser L4,1,,1,03-Aug-16,MM,1,2,Gammarid,12,0.032786885,
Qualicum ,21-Jun-16,1.1,Bowser L4,1,,1,03-Aug-16,MM,1,2,Caprellidea,6,0.016393443,
Qualicum ,21-Jun-16,1.1,Bowser L4,1,,1,03-Aug-16,MM,1,2,UK9,140,0.382513661,
Qualicum ,21-Jun-16,1.1,Bowser L4,1,,1,03-Aug-16,MM,1,2,Brachyura,6,0.016393443,
Qualicum ,21-Jun-16,1.1,Bowser L4,1,,1,03-Aug-16,MM,1,1,Gammarid,19,0.051912568,
Qualicum ,21-Jun-16,1.1,Bowser L4,1,,1,03-Aug-16,MM,1,1,Caprellidea,4,0.010928962,
Qualicum ,21-Jun-16,1.1,Bowser L4,1,,1,03-Aug-16,MM,1,1,Gastropod,3,0.008196721,
Qualicum ,21-Jun-16,1.1,Bowser L4,1,,1,03-Aug-16,MM,1,1,Calanoid,2,0.005464481,
Qualicum ,21-Jun-16,1.1,Bowser L4,1,,1,03-Aug-16,MM,1,1,UK9,1,0.00273224,
Qualicum ,21-Jun-16,1.1,Bowser L4,1,,1,03-Aug-16,MM,1,1,Valvifera,5,0.013661202,
Qualicum ,21-Jun-16,1.1,Bowser L4,1,,1,03-Aug-16,MM,1,1,Ostracod,3,0.008196721,1
Qualicum ,21-Jun-16,2.1,Bowser L2,1,,1,04-Aug-16,MM,1,6,Gammarid,1,0.002881844,347
Qualicum ,21-Jun-16,2.1,Bowser L2,1,,1,04-Aug-16,MM,1,6,Caprellidea,1,0.002881844,
Qualicum ,21-Jun-16,2.1,Bowser L2,1,,1,04-Aug-16,MM,1,50,UK10,1,0.002881844,
Qualicum ,21-Jun-16,2.1,Bowser L2,1,,1,04-Aug-16,MM,1,34,UK9,1,0.002881844,
Qualicum ,21-Jun-16,2.1,Bowser L2,1,,1,04-Aug-16,MM,1,18,UK9,10,0.028818444,
Qualicum ,21-Jun-16,2.1,Bowser L2,1,,1,04-Aug-16,MM,1,14,UK9,25,0.07204611,
Qualicum ,21-Jun-16,2.1,Bowser L2,1,,1,04-Aug-16,MM,1,10,UK9,49,0.141210375,
Qualicum ,21-Jun-16,2.1,Bowser L2,1,,1,04-Aug-16,MM,1,6,UK9,26,0.074927954,
Qualicum ,21-Jun-16,2.1,Bowser L2,1,,1,04-Aug-16,MM,1,10,Brachyura,1,0.002881844,
Qualicum ,21-Jun-16,2.1,Bowser L2,1,,1,04-Aug-16,MM,1,14,Brachyura,4,0.011527378,
Qualicum ,21-Jun-16,2.1,Bowser L2,1,,1,04-Aug-16,MM,1,2,Gammarid,18,0.051873199,
Qualicum ,21-Jun-16,2.1,Bowser L2,1,,1,04-Aug-16,MM,1,2,Phyllodocida,1,0.002881844,
Qualicum ,21-Jun-16,2.1,Bowser L2,1,,1,04-Aug-16,MM,1,2,UK9,149,0.429394813,
Qualicum ,21-Jun-16,2.1,Bowser L2,1,,1,04-Aug-16,MM,1,2,Brachyura,1,0.002881844,
Qualicum ,21-Jun-16,2.1,Bowser L2,1,,1,04-Aug-16,MM,1,2,UK11,1,0.002881844,
Qualicum ,21-Jun-16,2.1,Bowser L2,1,,1,04-Aug-16,MM,1,1,Gammarid,31,0.089337176,
Qualicum ,21-Jun-16,2.1,Bowser L2,1,,1,04-Aug-16,MM,1,1,Caprellidea,3,0.008645533,
Qualicum ,21-Jun-16,2.1,Bowser L2,1,,1,04-Aug-16,MM,1,1,Cyclopoid,1,0.002881844,
Qualicum ,21-Jun-16,2.1,Bowser L2,1,,1,04-Aug-16,MM,1,1,Harpac,1,0.002881844,
Qualicum ,21-Jun-16,2.1,Bowser L2,1,,1,04-Aug-16,MM,1,1,Calanoid,4,0.011527378,
Qualicum ,21-Jun-16,2.1,Bowser L2,1,,1,04-Aug-16,MM,1,1,UK9,4,0.011527378,
Qualicum ,21-Jun-16,2.1,Bowser L2,1,,1,04-Aug-16,MM,1,1,Cumacea,3,0.008645533,
Qualicum ,21-Jun-16,2.1,Bowser L2,1,,1,04-Aug-16,MM,1,1,UK12,10,0.028818444,
Qualicum ,21-Jun-16,2.1,Bowser L2,1,,1,04-Aug-16,MM,1,1,Phyllodocida,1,0.002881844,
Qualicum ,21-Jun-16,2.2,Bowser L2,1,,0,,,,,NAN,,,
Qualicum ,21-Jun-16,1.2,Bowser L4,1,,0,,,,,NAN,,,
Qualicum ,06-Jun-16,1.1,Sunny Beach,0,,1,08-Aug-16,MM,1,6,Caprellidea,9,0.014263074,631
Qualicum ,06-Jun-16,1.1,Sunny Beach,0,,1,08-Aug-16,MM,1,6,Echinoderm,3,0.004754358,
Qualicum ,06-Jun-16,1.1,Sunny Beach,0,,1,08-Aug-16,MM,1,6,Valvifera,1,0.001584786,
Qualicum ,06-Jun-16,1.1,Sunny Beach,0,,1,08-Aug-16,MM,1,6,Phyllodocida,3,0.004754358,
Qualicum ,06-Jun-16,1.1,Sunny Beach,0,,1,08-Aug-16,MM,1,6,UK9,6,0.009508716,
Qualicum ,06-Jun-16,1.1,Sunny Beach,0,,1,08-Aug-16,MM,1,10,Fish Larvae,3,0.004754358,
Qualicum ,06-Jun-16,1.1,Sunny Beach,0,,1,08-Aug-16,MM,1,30,UK13,1,0.001584786,
Qualicum ,06-Jun-16,1.1,Sunny Beach,0,,1,08-Aug-16,MM,1,22,Brachyura,1,0.001584786,
Qualicum ,06-Jun-16,1.1,Sunny Beach,0,,1,08-Aug-16,MM,1,2,Gammarid,43,0.0681458,
Qualicum ,06-Jun-16,1.1,Sunny Beach,0,,1,08-Aug-16,MM,1,2,Caprellidea,206,0.326465927,
Qualicum ,06-Jun-16,1.1,Sunny Beach,0,,1,08-Aug-16,MM,1,2,Echinoderm,12,0.019017433,
Qualicum ,06-Jun-16,1.1,Sunny Beach,0,,1,08-Aug-16,MM,1,2,Phyllodocida,24,0.038034865,
Qualicum ,06-Jun-16,1.1,Sunny Beach,0,,1,08-Aug-16,MM,1,2,UK9,65,0.103011094,
Qualicum ,06-Jun-16,1.1,Sunny Beach,0,,1,08-Aug-16,MM,1,2,Fish Larvae,1,0.001584786,
Qualicum ,06-Jun-16,1.1,Sunny Beach,0,,1,08-Aug-16,MM,1,2,Brachyura,2,0.003169572,
Qualicum ,06-Jun-16,1.1,Sunny Beach,0,,1,08-Aug-16,MM,1,1,Gammarid,72,0.114104596,
Qualicum ,06-Jun-16,1.1,Sunny Beach,0,,1,08-Aug-16,MM,1,1,Caprellidea,97,0.153724247,
Qualicum ,06-Jun-16,1.1,Sunny Beach,0,,1,08-Aug-16,MM,1,1,Phyllodocida,51,0.080824089,
Qualicum ,06-Jun-16,1.1,Sunny Beach,0,,1,08-Aug-16,MM,1,1,Calanoid,5,0.00792393,
Qualicum ,06-Jun-16,1.1,Sunny Beach,0,,1,08-Aug-16,MM,1,1,Cumacea,6,0.009508716,
Qualicum ,06-Jun-16,1.1,Sunny Beach,0,,1,08-Aug-16,MM,1,1,Barnacle,20,0.031695721,
Qualicum ,06-Jun-16,2.1,Sunny Beach,0,,1,09-Aug-16,MM,1,2,Gammarid,1,0.003846154,260
Qualicum ,06-Jun-16,2.1,Sunny Beach,0,,1,09-Aug-16,MM,1,2,Caprellidea,16,0.061538462,
Qualicum ,06-Jun-16,2.1,Sunny Beach,0,,1,09-Aug-16,MM,1,2,UK9,2,0.007692308,
Qualicum ,06-Jun-16,2.1,Sunny Beach,0,,1,09-Aug-16,MM,1,2,Cumacea,1,0.003846154,
Qualicum ,06-Jun-16,2.1,Sunny Beach,0,,1,09-Aug-16,MM,1,1,Caprellidea,3,0.011538462,
Qualicum ,06-Jun-16,2.1,Sunny Beach,0,,1,09-Aug-16,MM,1,1,Phyllodocida,1,0.003846154,
Qualicum ,06-Jun-16,2.1,Sunny Beach,0,,1,09-Aug-16,MM,1,1,Appendicularia,1,0.003846154,
Qualicum ,06-Jun-16,2.1,Sunny Beach,0,,1,09-Aug-16,MM,1,1,Calanoid,1,0.003846154,
Qualicum ,06-Jun-16,2.1,Sunny Beach,0,,1,09-Aug-16,MM,1,1,Cumacea,8,0.030769231,
Qualicum ,06-Jun-16,2.1,Sunny Beach,0,,1,09-Aug-16,MM,1,1,UK7,1,0.003846154,
Qualicum ,06-Jun-16,2.1,Sunny Beach,0,,1,09-Aug-16,MM,1,1,Ostracod,225,0.865384615,
Qualicum ,06-Jun-16,2.2,Sunny Beach,0,,0,,,,,NAN,,,
Qualicum ,06-Jun-16,1.2,Sunny Beach,0,,0,,,,,NAN,,,
Qualicum ,05-Jun-16,1.1,Bowser L4,1,,0,08-Aug-16,MM,1,10,Gastropod,7,0.077777778,90
Qualicum ,05-Jun-16,1.1,Bowser L4,1,,0,08-Aug-16,MM,1,22,UK9,2,0.022222222,
Qualicum ,05-Jun-16,1.1,Bowser L4,1,,0,08-Aug-16,MM,1,18,UK9,2,0.022222222,
Qualicum ,05-Jun-16,1.1,Bowser L4,1,,0,08-Aug-16,MM,1,14,UK9,1,0.011111111,
Qualicum ,05-Jun-16,1.1,Bowser L4,1,,0,08-Aug-16,MM,1,10,UK9,1,0.011111111,
Qualicum ,05-Jun-16,1.1,Bowser L4,1,,0,08-Aug-16,MM,1,2,Gammarid,8,0.088888889,
Qualicum ,05-Jun-16,1.1,Bowser L4,1,,0,08-Aug-16,MM,1,2,UK9,46,0.511111111,
Qualicum ,05-Jun-16,1.1,Bowser L4,1,,0,08-Aug-16,MM,1,2,Barnacle,1,0.011111111,
Qualicum ,05-Jun-16,1.1,Bowser L4,1,,0,08-Aug-16,MM,1,1,Gammarid,9,0.1,
Qualicum ,05-Jun-16,1.1,Bowser L4,1,,0,08-Aug-16,MM,1,1,Valvifera,4,0.044444444,
Qualicum ,05-Jun-16,1.1,Bowser L4,1,,0,08-Aug-16,MM,1,1,Harpac,2,0.022222222,
Qualicum ,05-Jun-16,1.1,Bowser L4,1,,0,08-Aug-16,MM,1,1,UK9,1,0.011111111,
Qualicum ,05-Jun-16,1.1,Bowser L4,1,,0,08-Aug-16,MM,1,1,Barnacle,6,0.066666667,
Qualicum ,05-Jun-16,2.1,Bowser L2,1,,1,08-Aug-16,MM,1,10,Caprellidea,6,0.069767442,86
Qualicum ,05-Jun-16,2.1,Bowser L2,1,,1,08-Aug-16,MM,1,6,Caprellidea,4,0.046511628,
Qualicum ,05-Jun-16,2.1,Bowser L2,1,,1,08-Aug-16,MM,1,6,Gastropod,1,0.011627907,
Qualicum ,05-Jun-16,2.1,Bowser L2,1,,1,08-Aug-16,MM,1,14,UK9,1,0.011627907,
Qualicum ,05-Jun-16,2.1,Bowser L2,1,,1,08-Aug-16,MM,1,10,UK9,1,0.011627907,
Qualicum ,05-Jun-16,2.1,Bowser L2,1,,1,08-Aug-16,MM,1,2,Gammarid,15,0.174418605,
Qualicum ,05-Jun-16,2.1,Bowser L2,1,,1,08-Aug-16,MM,1,2,Caprellidea,18,0.209302326,
Qualicum ,05-Jun-16,2.1,Bowser L2,1,,1,08-Aug-16,MM,1,2,Echinoderm,1,0.011627907,
Qualicum ,05-Jun-16,2.1,Bowser L2,1,,1,08-Aug-16,MM,1,1,Valvifera,1,0.011627907,
Qualicum ,05-Jun-16,2.1,Bowser L2,1,,1,08-Aug-16,MM,1,1,UK9,34,0.395348837,
Qualicum ,05-Jun-16,2.1,Bowser L2,1,,1,08-Aug-16,MM,1,1,Cumacea,1,0.011627907,
Qualicum ,05-Jun-16,2.1,Bowser L2,1,,1,08-Aug-16,MM,1,1,Brachyura,1,0.011627907,
Qualicum ,05-Jun-16,2.1,Bowser L2,1,,1,08-Aug-16,MM,1,1,Cumacea,2,0.023255814,
Qualicum ,05-Jun-16,1.2,Bowser L4,1,,0,,,,,NAN,,,
Qualicum ,05-Jun-16,2.2,Bowser L2,1,,0,,,,,NAN,,,
Qualicum ,25-May-16,1.1,Sunny Beach,0,1,1,09-Aug-16,MM,1,6,Gammarid,8,0.015717092,509
Qualicum ,25-May-16,1.1,Sunny Beach,0,1,1,09-Aug-16,MM,1,10,Caprellidea,2,0.003929273,
Qualicum ,25-May-16,1.1,Sunny Beach,0,1,1,09-Aug-16,MM,1,6,Caprellidea,45,0.088408644,
Qualicum ,25-May-16,1.1,Sunny Beach,0,1,1,09-Aug-16,MM,1,14,Phyllodocida,2,0.003929273,
Qualicum ,25-May-16,1.1,Sunny Beach,0,1,1,09-Aug-16,MM,1,6,Phyllodocida,9,0.017681729,
Qualicum ,25-May-16,1.1,Sunny Beach,0,1,1,09-Aug-16,MM,1,10,UK9,2,0.003929273,
Qualicum ,25-May-16,1.1,Sunny Beach,0,1,1,09-Aug-16,MM,1,6,UK9,3,0.00589391,
Qualicum ,25-May-16,1.1,Sunny Beach,0,1,1,09-Aug-16,MM,1,6,Cardidae,1,0.001964637,
Qualicum ,25-May-16,1.1,Sunny Beach,0,1,1,09-Aug-16,MM,1,2,Echinoderm,1,0.001964637,
Qualicum ,25-May-16,1.1,Sunny Beach,0,1,1,09-Aug-16,MM,1,2,Gammarid,76,0.149312377,
Qualicum ,25-May-16,1.1,Sunny Beach,0,1,1,09-Aug-16,MM,1,2,Caprellidea,112,0.220039293,
Qualicum ,25-May-16,1.1,Sunny Beach,0,1,1,09-Aug-16,MM,1,2,Gastropod,3,0.00589391,
Qualicum ,25-May-16,1.1,Sunny Beach,0,1,1,09-Aug-16,MM,1,2,Phyllodocida,22,0.043222004,
Qualicum ,25-May-16,1.1,Sunny Beach,0,1,1,09-Aug-16,MM,1,2,UK9,100,0.196463654,
Qualicum ,25-May-16,1.1,Sunny Beach,0,1,1,09-Aug-16,MM,1,2,Brachyura,12,0.023575639,
Qualicum ,25-May-16,1.1,Sunny Beach,0,1,1,09-Aug-16,MM,1,2,Barnacle,8,0.015717092,
Qualicum ,25-May-16,1.1,Sunny Beach,0,1,1,09-Aug-16,MM,1,1,Gammarid,61,0.119842829,
Qualicum ,25-May-16,1.1,Sunny Beach,0,1,1,09-Aug-16,MM,1,1,Caprellidea,17,0.033398821,
Qualicum ,25-May-16,1.1,Sunny Beach,0,1,1,09-Aug-16,MM,1,1,Phyllodocida,17,0.033398821,
Qualicum ,25-May-16,1.1,Sunny Beach,0,1,1,09-Aug-16,MM,1,1,Barnacle,8,0.015717092,
Qualicum ,25-May-16,2.1,Sunny Beach,0,1,1,08-Aug-16,MM,1,10,Brachyura,1,0.009708738,103
Qualicum ,25-May-16,2.1,Sunny Beach,0,1,1,08-Aug-16,MM,1,2,Gammarid,16,0.155339806,
Qualicum ,25-May-16,2.1,Sunny Beach,0,1,1,08-Aug-16,MM,1,2,Caprellidea,3,0.029126214,
Qualicum ,25-May-16,2.1,Sunny Beach,0,1,1,08-Aug-16,MM,1,2,Phyllodocida,9,0.087378641,
Qualicum ,25-May-16,2.1,Sunny Beach,0,1,1,08-Aug-16,MM,1,2,UK9,4,0.038834951,
Qualicum ,25-May-16,2.1,Sunny Beach,0,1,1,08-Aug-16,MM,1,2,Cumacea,6,0.058252427,
Qualicum ,25-May-16,2.1,Sunny Beach,0,1,1,08-Aug-16,MM,1,2,Barnacle,5,0.048543689,
Qualicum ,25-May-16,2.1,Sunny Beach,0,1,1,08-Aug-16,MM,1,1,Gammarid,19,0.184466019,
Qualicum ,25-May-16,2.1,Sunny Beach,0,1,1,08-Aug-16,MM,1,1,Caprellidea,5,0.048543689,
Qualicum ,25-May-16,2.1,Sunny Beach,0,1,1,08-Aug-16,MM,1,1,Gastropod,15,0.145631068,
Qualicum ,25-May-16,2.1,Sunny Beach,0,1,1,08-Aug-16,MM,1,1,Phyllodocida,8,0.077669903,
Qualicum ,25-May-16,2.1,Sunny Beach,0,1,1,08-Aug-16,MM,1,1,UK9,1,0.009708738,
Qualicum ,25-May-16,2.1,Sunny Beach,0,1,1,08-Aug-16,MM,1,1,Cumacea,11,0.106796117,
Qualicum ,25-May-16,1.2,Sunny Beach,0,1,0,,,,,NAN,,,
Qualicum ,25-May-16,2.2,Sunny Beach,0,1,0,,,,,NAN,,,
Qualicum ,24-May-16,1.1,Bowser L4,1,,1,24-Aug-16,MM,1,6,Gammarid,2,0.00921659,217
Qualicum ,24-May-16,1.1,Bowser L4,1,,1,24-Aug-16,MM,1,6,Caprellidea,10,0.046082949,
Qualicum ,24-May-16,1.1,Bowser L4,1,,1,24-Aug-16,MM,1,22,UK9,1,0.004608295,
Qualicum ,24-May-16,1.1,Bowser L4,1,,1,24-Aug-16,MM,1,2,Gammarid,37,0.170506912,
Qualicum ,24-May-16,1.1,Bowser L4,1,,1,24-Aug-16,MM,1,2,Caprellidea,11,0.050691244,
Qualicum ,24-May-16,1.1,Bowser L4,1,,1,24-Aug-16,MM,1,2,Gastropod,17,0.078341014,
Qualicum ,24-May-16,1.1,Bowser L4,1,,1,24-Aug-16,MM,1,2,Phyllodocida,7,0.032258065,
Qualicum ,24-May-16,1.1,Bowser L4,1,,1,24-Aug-16,MM,1,2,UK9,4,0.01843318,
Qualicum ,24-May-16,1.1,Bowser L4,1,,1,24-Aug-16,MM,1,2,Brachyura,2,0.00921659,
Qualicum ,24-May-16,1.1,Bowser L4,1,,1,24-Aug-16,MM,1,1,Gammarid,99,0.456221198,
Qualicum ,24-May-16,1.1,Bowser L4,1,,1,24-Aug-16,MM,1,1,Caprellidea,7,0.032258065,
Qualicum ,24-May-16,1.1,Bowser L4,1,,1,24-Aug-16,MM,1,1,Gastropod,3,0.013824885,
Qualicum ,24-May-16,1.1,Bowser L4,1,,1,24-Aug-16,MM,1,1,Valvifera,8,0.036866359,
Qualicum ,24-May-16,1.1,Bowser L4,1,,1,24-Aug-16,MM,1,1,Phyllodocida,3,0.013824885,
Qualicum ,24-May-16,1.1,Bowser L4,1,,1,24-Aug-16,MM,1,1,Harpac,4,0.01843318,
Qualicum ,24-May-16,1.1,Bowser L4,1,,1,24-Aug-16,MM,1,1,Calanoid,1,0.004608295,
Qualicum ,24-May-16,1.1,Bowser L4,1,,1,24-Aug-16,MM,1,1,Barnacle,1,0.004608295,1
Qualicum ,24-May-16,2.1,Bowser L4,1,,1,09-Aug-16,MM,1,22,Gammarid,1,0.016129032,62
Qualicum ,24-May-16,2.1,Bowser L4,1,,1,09-Aug-16,MM,1,10,Appendicularia,1,0.016129032,
Qualicum ,24-May-16,2.1,Bowser L4,1,,1,09-Aug-16,MM,1,14,UK9,1,0.016129032,
Qualicum ,24-May-16,2.1,Bowser L4,1,,1,09-Aug-16,MM,1,10,Brachyura,4,0.064516129,
Qualicum ,24-May-16,2.1,Bowser L4,1,,1,09-Aug-16,MM,1,2,Gammarid,10,0.161290323,
Qualicum ,24-May-16,2.1,Bowser L4,1,,1,09-Aug-16,MM,1,2,Caprellidea,1,0.016129032,
Qualicum ,24-May-16,2.1,Bowser L4,1,,1,09-Aug-16,MM,1,2,Gastropod,7,0.112903226,
Qualicum ,24-May-16,2.1,Bowser L4,1,,1,09-Aug-16,MM,1,2,UK9,6,0.096774194,
Qualicum ,24-May-16,2.1,Bowser L4,1,,1,09-Aug-16,MM,1,2,Brachyura,2,0.032258065,
Qualicum ,24-May-16,2.1,Bowser L4,1,,1,09-Aug-16,MM,1,2,Barnacle,2,0.032258065,
Qualicum ,24-May-16,2.1,Bowser L4,1,,1,09-Aug-16,MM,1,1,Gammarid,6,0.096774194,
Qualicum ,24-May-16,2.1,Bowser L4,1,,1,09-Aug-16,MM,1,1,Caprellidea,2,0.032258065,
Qualicum ,24-May-16,2.1,Bowser L4,1,,1,09-Aug-16,MM,1,1,Gastropod,3,0.048387097,
Qualicum ,24-May-16,2.1,Bowser L4,1,,1,09-Aug-16,MM,1,1,Valvifera,1,0.016129032,
Qualicum ,24-May-16,2.1,Bowser L4,1,,1,09-Aug-16,MM,1,1,Harpac,3,0.048387097,
Qualicum ,24-May-16,2.1,Bowser L4,1,,1,09-Aug-16,MM,1,1,Calanoid,8,0.129032258,
Qualicum ,24-May-16,2.1,Bowser L4,1,,1,09-Aug-16,MM,1,1,Cumacea,2,0.032258065,
Qualicum ,24-May-16,2.1,Bowser L4,1,,1,09-Aug-16,MM,1,1,Brachyura,2,0.032258065,
Qualicum ,24-May-16,1.2,Bowser L4,1,,0,,,,,NAN,,,
Qualicum ,24-May-16,2.2,Bowser L4,1,,0,,,,,NAN,,,
Qualicum ,10-May-16,2.1,Bowser L2,1,,1,24-Aug-16,MM,1,6,Gammarid,1,0.016393443,61
Qualicum ,10-May-16,2.1,Bowser L2,1,,1,24-Aug-16,MM,1,30,UK9,1,0.016393443,
Qualicum ,10-May-16,2.1,Bowser L2,1,,1,24-Aug-16,MM,1,22,UK9,1,0.016393443,
Qualicum ,10-May-16,2.1,Bowser L2,1,,1,24-Aug-16,MM,1,18,UK9,1,0.016393443,
Qualicum ,10-May-16,2.1,Bowser L2,1,,1,24-Aug-16,MM,1,14,UK9,2,0.032786885,
Qualicum ,10-May-16,2.1,Bowser L2,1,,1,24-Aug-16,MM,1,10,UK9,1,0.016393443,
Qualicum ,10-May-16,2.1,Bowser L2,1,,1,24-Aug-16,MM,1,6,UK9,2,0.032786885,
Qualicum ,10-May-16,2.1,Bowser L2,1,,1,24-Aug-16,MM,1,1,Gammarid,30,0.491803279,
Qualicum ,10-May-16,2.1,Bowser L2,1,,1,24-Aug-16,MM,1,1,Valvifera,1,0.016393443,
Qualicum ,10-May-16,2.1,Bowser L2,1,,1,24-Aug-16,MM,1,1,Appendicularia,5,0.081967213,
Qualicum ,10-May-16,2.1,Bowser L2,1,,1,24-Aug-16,MM,1,1,Harpac,7,0.114754098,
Qualicum ,10-May-16,2.1,Bowser L2,1,,1,24-Aug-16,MM,1,1,Calanoid,8,0.131147541,
Qualicum ,10-May-16,2.1,Bowser L2,1,,1,24-Aug-16,MM,1,1,Cumacea,1,0.016393443,
Qualicum ,10-May-16,1.1,Bowser L4,1,,1,24-Aug-16,MM,1,6,Gammarid,2,0.008928571,224
Qualicum ,10-May-16,1.1,Bowser L4,1,,1,24-Aug-16,MM,1,22,UK9,2,0.008928571,
Qualicum ,10-May-16,1.1,Bowser L4,1,,1,24-Aug-16,MM,1,18,UK9,2,0.008928571,
Qualicum ,10-May-16,1.1,Bowser L4,1,,1,24-Aug-16,MM,1,34,UK10,1,0.004464286,
Qualicum ,10-May-16,1.1,Bowser L4,1,,1,24-Aug-16,MM,1,10,Brachyura,1,0.004464286,
Qualicum ,10-May-16,1.1,Bowser L4,1,,1,24-Aug-16,MM,1,10,UK19,1,0.004464286,
Qualicum ,10-May-16,1.1,Bowser L4,1,,1,24-Aug-16,MM,1,2,Gammarid,67,0.299107143,
Qualicum ,10-May-16,1.1,Bowser L4,1,,1,24-Aug-16,MM,1,2,Gastropod,2,0.008928571,
Qualicum ,10-May-16,1.1,Bowser L4,1,,1,24-Aug-16,MM,1,2,Phyllodocida,2,0.008928571,
Qualicum ,10-May-16,1.1,Bowser L4,1,,1,24-Aug-16,MM,1,2,UK9,3,0.013392857,
Qualicum ,10-May-16,1.1,Bowser L4,1,,1,24-Aug-16,MM,1,1,Gammarid,136,0.607142857,
Qualicum ,10-May-16,1.1,Bowser L4,1,,1,24-Aug-16,MM,1,1,Calanoid,5,0.022321429,
Qualicum ,10-May-16,2.2,Bowser L2,1,,0,,,,,NAN,,,
Qualicum ,10-May-16,1.2,Bowser L4,1,,0,,,,,NAN,,,
Qualicum ,09-May-16,1.1,Sunny Beach,0,,1,25-Aug-16,MM,6,6,Gammarid,1,0.000706714,1415
Qualicum ,09-May-16,1.1,Sunny Beach,0,,1,25-Aug-16,MM,6,10,Caprellidea,2,0.001413428,
Qualicum ,09-May-16,1.1,Sunny Beach,0,,1,25-Aug-16,MM,6,6,Caprellidea,3,0.002120141,
Qualicum ,09-May-16,1.1,Sunny Beach,0,,1,25-Aug-16,MM,6,6,Phyllodocida,1,0.000706714,
Qualicum ,09-May-16,1.1,Sunny Beach,0,,1,25-Aug-16,MM,6,18,UK9,7,0.004946996,
Qualicum ,09-May-16,1.1,Sunny Beach,0,,1,25-Aug-16,MM,6,14,UK9,14,0.009893993,
Qualicum ,09-May-16,1.1,Sunny Beach,0,,1,25-Aug-16,MM,6,10,UK9,6,0.004240283,
Qualicum ,09-May-16,1.1,Sunny Beach,0,,1,25-Aug-16,MM,6,6,UK9,2,0.001413428,
Qualicum ,09-May-16,1.1,Sunny Beach,0,,1,25-Aug-16,MM,6,6,Brachyura,3,0.002120141,
Qualicum ,09-May-16,1.1,Sunny Beach,0,,1,25-Aug-16,MM,6,2,Gammarid,168,0.118727915,
Qualicum ,09-May-16,1.1,Sunny Beach,0,,1,25-Aug-16,MM,6,2,Caprellidea,27,0.019081272,
Qualicum ,09-May-16,1.1,Sunny Beach,0,,1,25-Aug-16,MM,6,2,Gastropod,10,0.007067138,
Qualicum ,09-May-16,1.1,Sunny Beach,0,,1,25-Aug-16,MM,6,2,Phyllodocida,75,0.053003534,
Qualicum ,09-May-16,1.1,Sunny Beach,0,,1,25-Aug-16,MM,6,2,UK9,36,0.025441696,
Qualicum ,09-May-16,1.1,Sunny Beach,0,,1,25-Aug-16,MM,6,2,Echinoderm,3,0.002120141,
Qualicum ,09-May-16,1.1,Sunny Beach,0,,1,25-Aug-16,MM,6,2,Bivalvia,7,0.004946996,
Qualicum ,09-May-16,1.1,Sunny Beach,0,,1,25-Aug-16,MM,6,1,Gammarid,360,0.254416961,
Qualicum ,09-May-16,1.1,Sunny Beach,0,,1,25-Aug-16,MM,6,1,Caprellidea,114,0.080565371,
Qualicum ,09-May-16,1.1,Sunny Beach,0,,1,25-Aug-16,MM,6,1,Phyllodocida,552,0.390106007,
Qualicum ,09-May-16,1.1,Sunny Beach,0,,1,25-Aug-16,MM,6,1,Calanoid,18,0.012720848,
Qualicum ,09-May-16,1.1,Sunny Beach,0,,1,25-Aug-16,MM,6,1,Bivalvia,6,0.004240283,
Qualicum ,09-May-16,2.1,Sunny Beach,0,,1,25-Aug-16,MM,1,6,Gammarid,1,0.003759398,266
Qualicum ,09-May-16,2.1,Sunny Beach,0,,1,25-Aug-16,MM,1,14,UK9,1,0.003759398,
Qualicum ,09-May-16,2.1,Sunny Beach,0,,1,25-Aug-16,MM,1,6,Cumacea,3,0.011278195,
Qualicum ,09-May-16,2.1,Sunny Beach,0,,1,25-Aug-16,MM,1,10,Cumacea,1,0.003759398,
Qualicum ,09-May-16,2.1,Sunny Beach,0,,1,25-Aug-16,MM,1,2,Gammarid,23,0.086466165,
Qualicum ,09-May-16,2.1,Sunny Beach,0,,1,25-Aug-16,MM,1,2,Caprellidea,3,0.011278195,
Qualicum ,09-May-16,2.1,Sunny Beach,0,,1,25-Aug-16,MM,1,2,Valvifera,1,0.003759398,
Qualicum ,09-May-16,2.1,Sunny Beach,0,,1,25-Aug-16,MM,1,2,Phyllodocida,5,0.018796992,
Qualicum ,09-May-16,2.1,Sunny Beach,0,,1,25-Aug-16,MM,1,2,Calanoid,1,0.003759398,
Qualicum ,09-May-16,2.1,Sunny Beach,0,,1,25-Aug-16,MM,1,2,Mysida,2,0.007518797,
Qualicum ,09-May-16,2.1,Sunny Beach,0,,1,25-Aug-16,MM,1,2,UK9,5,0.018796992,
Qualicum ,09-May-16,2.1,Sunny Beach,0,,1,25-Aug-16,MM,1,2,Cumacea,13,0.04887218,
Qualicum ,09-May-16,2.1,Sunny Beach,0,,1,25-Aug-16,MM,1,2,Barnacle,10,0.037593985,
Qualicum ,09-May-16,2.1,Sunny Beach,0,,1,25-Aug-16,MM,1,1,Gammarid,25,0.093984962,
Qualicum ,09-May-16,2.1,Sunny Beach,0,,1,25-Aug-16,MM,1,1,Caprellidea,1,0.003759398,
Qualicum ,09-May-16,2.1,Sunny Beach,0,,1,25-Aug-16,MM,1,1,Gastropod,2,0.007518797,
Qualicum ,09-May-16,2.1,Sunny Beach,0,,1,25-Aug-16,MM,1,1,Valvifera,1,0.003759398,
Qualicum ,09-May-16,2.1,Sunny Beach,0,,1,25-Aug-16,MM,1,1,Phyllodocida,57,0.214285714,
Qualicum ,09-May-16,2.1,Sunny Beach,0,,1,25-Aug-16,MM,1,1,Appendicularia,2,0.007518797,
Qualicum ,09-May-16,2.1,Sunny Beach,0,,1,25-Aug-16,MM,1,1,Harpac,25,0.093984962,
Qualicum ,09-May-16,2.1,Sunny Beach,0,,1,25-Aug-16,MM,1,1,Calanoid,53,0.19924812,
Qualicum ,09-May-16,2.1,Sunny Beach,0,,1,25-Aug-16,MM,1,1,Mysida,2,0.007518797,
Qualicum ,09-May-16,2.1,Sunny Beach,0,,1,25-Aug-16,MM,1,1,Cumacea,28,0.105263158,
Qualicum ,09-May-16,2.1,Sunny Beach,0,,1,25-Aug-16,MM,1,1,Echinoderm,1,0.003759398,
Qualicum ,09-May-16,2.2,Sunny Beach,0,,0,,,,,NAN,,,
Qualicum ,09-May-16,1.2,Sunny Beach,0,,0,,,,,NAN,,,
Qualicum ,25-Apr-16,1.1,Sunny Beach,0,1,1,10-Aug-16,MM,1,6,Gammarid,3,0.006060606,495
Qualicum ,25-Apr-16,1.1,Sunny Beach,0,1,1,10-Aug-16,MM,1,10,Caprellidea,1,0.002020202,
Qualicum ,25-Apr-16,1.1,Sunny Beach,0,1,1,10-Aug-16,MM,1,6,Caprellidea,3,0.006060606,
Qualicum ,25-Apr-16,1.1,Sunny Beach,0,1,1,10-Aug-16,MM,1,6,Cumacea,5,0.01010101,
Qualicum ,25-Apr-16,1.1,Sunny Beach,0,1,1,10-Aug-16,MM,1,6,Brachyura,1,0.002020202,
Qualicum ,25-Apr-16,1.1,Sunny Beach,0,1,1,10-Aug-16,MM,1,22,Fish Larvae,1,0.002020202,
Qualicum ,25-Apr-16,1.1,Sunny Beach,0,1,1,10-Aug-16,MM,1,2,Gammarid,203,0.41010101,
Qualicum ,25-Apr-16,1.1,Sunny Beach,0,1,1,10-Aug-16,MM,1,2,Caprellidea,7,0.014141414,
Qualicum ,25-Apr-16,1.1,Sunny Beach,0,1,1,10-Aug-16,MM,1,2,Gastropod,4,0.008080808,
Qualicum ,25-Apr-16,1.1,Sunny Beach,0,1,1,10-Aug-16,MM,1,2,Phyllodocida,10,0.02020202,
Qualicum ,25-Apr-16,1.1,Sunny Beach,0,1,1,10-Aug-16,MM,1,2,Cumacea,66,0.133333333,
Qualicum ,25-Apr-16,1.1,Sunny Beach,0,1,1,10-Aug-16,MM,1,2,Brachyura,3,0.006060606,
Qualicum ,25-Apr-16,1.1,Sunny Beach,0,1,1,10-Aug-16,MM,1,1,Gammarid,73,0.147474747,
Qualicum ,25-Apr-16,1.1,Sunny Beach,0,1,1,10-Aug-16,MM,1,1,Cladoceran,5,0.01010101,
Qualicum ,25-Apr-16,1.1,Sunny Beach,0,1,1,10-Aug-16,MM,1,1,Phyllodocida,77,0.155555556,
Qualicum ,25-Apr-16,1.1,Sunny Beach,0,1,1,10-Aug-16,MM,1,1,Cyclopoid,2,0.004040404,
Qualicum ,25-Apr-16,1.1,Sunny Beach,0,1,1,10-Aug-16,MM,1,1,Harpac,16,0.032323232,
Qualicum ,25-Apr-16,1.1,Sunny Beach,0,1,1,10-Aug-16,MM,1,1,UK9,7,0.014141414,
Qualicum ,25-Apr-16,1.1,Sunny Beach,0,1,1,10-Aug-16,MM,1,1,UK10,1,0.002020202,
Qualicum ,25-Apr-16,1.1,Sunny Beach,0,1,1,10-Aug-16,MM,1,1,Cumacea,7,0.014141414,
Qualicum ,25-Apr-16,2.1,Sunny Beach,0,,1,10-Aug-16,MM,1,6,Gammarid,28,0.048192771,581
Qualicum ,25-Apr-16,2.1,Sunny Beach,0,,1,10-Aug-16,MM,1,6,UK10,3,0.005163511,
Qualicum ,25-Apr-16,2.1,Sunny Beach,0,,1,10-Aug-16,MM,1,14,UK9,1,0.00172117,
Qualicum ,25-Apr-16,2.1,Sunny Beach,0,,1,10-Aug-16,MM,1,6,UK9,4,0.006884682,
Qualicum ,25-Apr-16,2.1,Sunny Beach,0,,1,10-Aug-16,MM,1,6,Cumacea,1,0.00172117,
Qualicum ,25-Apr-16,2.1,Sunny Beach,0,,1,10-Aug-16,MM,1,6,Brachyura,1,0.00172117,
Qualicum ,25-Apr-16,2.1,Sunny Beach,0,,1,10-Aug-16,MM,1,10,Pleuronecti,1,0.00172117,
Qualicum ,25-Apr-16,2.1,Sunny Beach,0,,1,10-Aug-16,MM,1,2,Gammarid,364,0.626506024,
Qualicum ,25-Apr-16,2.1,Sunny Beach,0,,1,10-Aug-16,MM,1,2,Caprellidea,3,0.005163511,
Qualicum ,25-Apr-16,2.1,Sunny Beach,0,,1,10-Aug-16,MM,1,2,Valvifera,1,0.00172117,
Qualicum ,25-Apr-16,2.1,Sunny Beach,0,,1,10-Aug-16,MM,1,2,Phyllodocida,6,0.010327022,
Qualicum ,25-Apr-16,2.1,Sunny Beach,0,,1,10-Aug-16,MM,1,2,UK10,22,0.037865749,
Qualicum ,25-Apr-16,2.1,Sunny Beach,0,,1,10-Aug-16,MM,1,2,UK9,10,0.017211704,
Qualicum ,25-Apr-16,2.1,Sunny Beach,0,,1,10-Aug-16,MM,1,2,Cumacea,22,0.037865749,
Qualicum ,25-Apr-16,2.1,Sunny Beach,0,,1,10-Aug-16,MM,1,2,Brachyura,2,0.003442341,
Qualicum ,25-Apr-16,2.1,Sunny Beach,0,,1,10-Aug-16,MM,1,1,Gammarid,41,0.070567986,
Qualicum ,25-Apr-16,2.1,Sunny Beach,0,,1,10-Aug-16,MM,1,1,Cladoceran,13,0.022375215,
Qualicum ,25-Apr-16,2.1,Sunny Beach,0,,1,10-Aug-16,MM,1,1,Phyllodocida,29,0.049913941,
Qualicum ,25-Apr-16,2.1,Sunny Beach,0,,1,10-Aug-16,MM,1,1,Harpac,8,0.013769363,
Qualicum ,25-Apr-16,2.1,Sunny Beach,0,,1,10-Aug-16,MM,1,1,Calanoid,16,0.027538726,
Qualicum ,25-Apr-16,2.1,Sunny Beach,0,,1,10-Aug-16,MM,1,1,UK9,1,0.00172117,
Qualicum ,25-Apr-16,2.1,Sunny Beach,0,,1,10-Aug-16,MM,1,1,Cumacea,4,0.006884682,
Qualicum ,25-Apr-16,2.2,Sunny Beach,0,,0,,,,,NAN,,,
Qualicum ,25-Apr-16,1.2,Sunny Beach,0,,0,,,,,NAN,,,
Qualicum ,24-Apr-16,1.1,Bowser L4,1,1,1,09-Aug-16,MM,1,6,Gammarid,8,0.009803922,816
Qualicum ,24-Apr-16,1.1,Bowser L4,1,1,1,09-Aug-16,MM,1,10,Gammarid,1,0.00122549,
Qualicum ,24-Apr-16,1.1,Bowser L4,1,1,1,09-Aug-16,MM,1,10,Phyllodocida,1,0.00122549,
Qualicum ,24-Apr-16,1.1,Bowser L4,1,1,1,09-Aug-16,MM,1,14,UK9,1,0.00122549,
Qualicum ,24-Apr-16,1.1,Bowser L4,1,1,1,09-Aug-16,MM,1,26,UK15,1,0.00122549,
Qualicum ,24-Apr-16,1.1,Bowser L4,1,1,1,09-Aug-16,MM,1,2,Gammarid,501,0.613970588,
Qualicum ,24-Apr-16,1.1,Bowser L4,1,1,1,09-Aug-16,MM,1,2,Phyllodocida,6,0.007352941,
Qualicum ,24-Apr-16,1.1,Bowser L4,1,1,1,09-Aug-16,MM,1,2,UK9,4,0.004901961,
Qualicum ,24-Apr-16,1.1,Bowser L4,1,1,1,09-Aug-16,MM,1,1,Gammarid,238,0.291666667,
Qualicum ,24-Apr-16,1.1,Bowser L4,1,1,1,09-Aug-16,MM,1,1,Gastropod,5,0.006127451,
Qualicum ,24-Apr-16,1.1,Bowser L4,1,1,1,09-Aug-16,MM,1,1,Valvifera,1,0.00122549,
Qualicum ,24-Apr-16,1.1,Bowser L4,1,1,1,09-Aug-16,MM,1,1,Appendicularia,25,0.030637255,
Qualicum ,24-Apr-16,1.1,Bowser L4,1,1,1,09-Aug-16,MM,1,1,Harpac,4,0.004901961,
Qualicum ,24-Apr-16,1.1,Bowser L4,1,1,1,09-Aug-16,MM,1,1,Calanoid,18,0.022058824,
Qualicum ,24-Apr-16,1.1,Bowser L4,1,1,1,09-Aug-16,MM,1,1,Cumacea,2,0.00245098,
Qualicum ,24-Apr-16,2.1,Bowser L2,1,1,1,09-Aug-16,MM,1,10,Gammarid,3,0.00305499,982
Qualicum ,24-Apr-16,2.1,Bowser L2,1,1,1,09-Aug-16,MM,1,6,Gammarid,3,0.00305499,
Qualicum ,24-Apr-16,2.1,Bowser L2,1,1,1,09-Aug-16,MM,1,18,UK9,1,0.00101833,
Qualicum ,24-Apr-16,2.1,Bowser L2,1,1,1,09-Aug-16,MM,1,14,UK9,2,0.00203666,
Qualicum ,24-Apr-16,2.1,Bowser L2,1,1,1,09-Aug-16,MM,1,10,UK9,2,0.00203666,
Qualicum ,24-Apr-16,2.1,Bowser L2,1,1,1,09-Aug-16,MM,1,10,Brachyura,7,0.00712831,
Qualicum ,24-Apr-16,2.1,Bowser L2,1,1,1,09-Aug-16,MM,1,6,Brachyura,2,0.00203666,
Qualicum ,24-Apr-16,2.1,Bowser L2,1,1,1,09-Aug-16,MM,1,8,Fish Larvae,1,0.00101833,
Qualicum ,24-Apr-16,2.1,Bowser L2,1,1,1,09-Aug-16,MM,1,2,Gammarid,406,0.413441955,
Qualicum ,24-Apr-16,2.1,Bowser L2,1,1,1,09-Aug-16,MM,1,2,Appendicularia,16,0.016293279,
Qualicum ,24-Apr-16,2.1,Bowser L2,1,1,1,09-Aug-16,MM,1,2,UK9,18,0.018329939,
Qualicum ,24-Apr-16,2.1,Bowser L2,1,1,1,09-Aug-16,MM,1,2,UK10,3,0.00305499,
Qualicum ,24-Apr-16,2.1,Bowser L2,1,1,1,09-Aug-16,MM,1,2,Cumacea,1,0.00101833,
Qualicum ,24-Apr-16,2.1,Bowser L2,1,1,1,09-Aug-16,MM,1,2,Brachyura,4,0.00407332,
Qualicum ,24-Apr-16,2.1,Bowser L2,1,1,1,09-Aug-16,MM,1,1,Gammarid,307,0.312627291,
Qualicum ,24-Apr-16,2.1,Bowser L2,1,1,1,09-Aug-16,MM,1,1,Gastropod,4,0.00407332,
Qualicum ,24-Apr-16,2.1,Bowser L2,1,1,1,09-Aug-16,MM,1,1,Phyllodocida,2,0.00203666,
Qualicum ,24-Apr-16,2.1,Bowser L2,1,1,1,09-Aug-16,MM,1,1,Appendicularia,22,0.022403259,
Qualicum ,24-Apr-16,2.1,Bowser L2,1,1,1,09-Aug-16,MM,1,1,Harpac,76,0.077393075,
Qualicum ,24-Apr-16,2.1,Bowser L2,1,1,1,09-Aug-16,MM,1,1,Calanoid,99,0.100814664,
Qualicum ,24-Apr-16,2.1,Bowser L2,1,1,1,09-Aug-16,MM,1,1,UK9,3,0.00305499,
Qualicum ,24-Apr-16,2.2,Bowser L2,1,1,0,,,,,NAN,,,
Qualicum ,11-Apr-16,1.1,Sunny Beach ,0,1,1,25-Aug-16,MM,1,6,Gammarid,5,0.009727626,514
Qualicum ,11-Apr-16,1.1,Sunny Beach ,0,1,1,25-Aug-16,MM,1,10,Gammarid,3,0.005836576,
Qualicum ,11-Apr-16,1.1,Sunny Beach ,0,1,1,25-Aug-16,MM,1,6,Cumacea,1,0.001945525,
Qualicum ,11-Apr-16,1.1,Sunny Beach ,0,1,1,25-Aug-16,MM,1,30,Brachyura,30,0.058365759,
Qualicum ,11-Apr-16,1.1,Sunny Beach ,0,1,1,25-Aug-16,MM,1,2,Gammarid,281,0.546692607,
Qualicum ,11-Apr-16,1.1,Sunny Beach ,0,1,1,25-Aug-16,MM,1,2,Valvifera,1,0.001945525,
Qualicum ,11-Apr-16,1.1,Sunny Beach ,0,1,1,25-Aug-16,MM,1,2,Phyllodocida,2,0.003891051,
Qualicum ,11-Apr-16,1.1,Sunny Beach ,0,1,1,25-Aug-16,MM,1,2,Mysida,2,0.003891051,
Qualicum ,11-Apr-16,1.1,Sunny Beach ,0,1,1,25-Aug-16,MM,1,2,Cumacea,62,0.120622568,
Qualicum ,11-Apr-16,1.1,Sunny Beach ,0,1,1,25-Aug-16,MM,1,2,Brachyura,2,0.003891051,
Qualicum ,11-Apr-16,1.1,Sunny Beach ,0,1,1,25-Aug-16,MM,1,1,Gammarid,108,0.210116732,
Qualicum ,11-Apr-16,1.1,Sunny Beach ,0,1,1,25-Aug-16,MM,1,1,Phyllodocida,10,0.019455253,
Qualicum ,11-Apr-16,1.1,Sunny Beach ,0,1,1,25-Aug-16,MM,1,1,Calanoid,5,0.009727626,
Qualicum ,11-Apr-16,1.1,Sunny Beach ,0,1,1,25-Aug-16,MM,1,1,Cumacea,2,0.003891051,
Qualicum ,11-Apr-16,1.2,Sunny Beach,0,,0,,,,,NAN,,,
Qualicum ,10-Apr-16,1.1,Bowser L4,1,1,1,28-Jul-16,MM,1,10,Gammarid,1,0.001540832,649
Qualicum ,10-Apr-16,1.1,Bowser L4,1,1,1,28-Jul-16,MM,1,6,Gammarid,14,0.021571649,
Qualicum ,10-Apr-16,1.1,Bowser L4,1,1,1,28-Jul-16,MM,1,6,Gastropod,4,0.006163328,
Qualicum ,10-Apr-16,1.1,Bowser L4,1,1,1,28-Jul-16,MM,1,22,Natantia,2,0.003081664,
Qualicum ,10-Apr-16,1.1,Bowser L4,1,1,1,28-Jul-16,MM,1,2,Gammarid,306,0.471494607,
Qualicum ,10-Apr-16,1.1,Bowser L4,1,1,1,28-Jul-16,MM,1,2,Phyllodocida,8,0.012326656,
Qualicum ,10-Apr-16,1.1,Bowser L4,1,1,1,28-Jul-16,MM,1,2,Appendicularia,2,0.003081664,
Qualicum ,10-Apr-16,1.1,Bowser L4,1,1,1,28-Jul-16,MM,1,2,Calanoid,8,0.012326656,
Qualicum ,10-Apr-16,1.1,Bowser L4,1,1,1,28-Jul-16,MM,1,2,UK9,4,0.006163328,
Qualicum ,10-Apr-16,1.1,Bowser L4,1,1,1,28-Jul-16,MM,1,2,Natantia,1,0.001540832,
Qualicum ,10-Apr-16,1.1,Bowser L4,1,1,1,28-Jul-16,MM,1,1,Gammarid,146,0.224961479,
Qualicum ,10-Apr-16,1.1,Bowser L4,1,1,1,28-Jul-16,MM,1,1,Phyllodocida,6,0.009244992,
Qualicum ,10-Apr-16,1.1,Bowser L4,1,1,1,28-Jul-16,MM,1,1,Appendicularia,3,0.004622496,
Qualicum ,10-Apr-16,1.1,Bowser L4,1,1,1,28-Jul-16,MM,1,1,Harpac,30,0.046224961,
Qualicum ,10-Apr-16,1.1,Bowser L4,1,1,1,28-Jul-16,MM,1,1,Calanoid,112,0.17257319,
Qualicum ,10-Apr-16,1.1,Bowser L4,1,1,1,28-Jul-16,MM,1,1,Cumacea,1,0.001540832,
Qualicum ,10-Apr-16,1.1,Bowser L4,1,1,1,28-Jul-16,MM,1,1,UK8,1,0.001540832,
Qualicum ,10-Apr-16,1.2,Bowser L4,1,1,0,,,,,NAN,,,
Qualicum ,10-Apr-16,2.2,Bowser L2,1,1,0,,,,,NAN,,,
Koeye,7-Aug-16,1.1,Koeye,0,1,1,27-Sep-16,MM,1,32,Valvifera,1,0.007874016,127
Koeye,7-Aug-16,1.1,Koeye,0,1,1,27-Sep-16,MM,1,24,Valvifera,1,0.007874016,
Koeye,7-Aug-16,1.1,Koeye,0,1,1,27-Sep-16,MM,1,2,Phyllodocida,1,0.007874016,
Koeye,7-Aug-16,1.1,Koeye,0,1,1,27-Sep-16,MM,1,2,Barnacle,2,0.015748031,
Koeye,7-Aug-16,1.1,Koeye,0,1,1,27-Sep-16,MM,1,1,Gammarid,3,0.023622047,
Koeye,7-Aug-16,1.1,Koeye,0,1,1,27-Sep-16,MM,1,1,Cladoceran,5,0.039370079,
Koeye,7-Aug-16,1.1,Koeye,0,1,1,27-Sep-16,MM,1,1,Phyllodocida,94,0.74015748,
Koeye,7-Aug-16,1.1,Koeye,0,1,1,27-Sep-16,MM,1,1,Appendicularia,1,0.007874016,
Koeye,7-Aug-16,1.1,Koeye,0,1,1,27-Sep-16,MM,1,1,Harpac,16,0.125984252,
Koeye,7-Aug-16,1.1,Koeye,0,1,1,27-Sep-16,MM,1,1,Calanoid,2,0.015748031,
Koeye,7-Aug-16,1.1,Koeye,0,1,1,27-Sep-16,MM,1,1,Cumacea,1,0.007874016,
Koeye,7-Aug-16,2.1,Koeye,1,,1,27-Sep-16,MM,1,1,Gammarid,1,0.001572327,636
Koeye,7-Aug-16,2.1,Koeye,1,,1,27-Sep-16,MM,1,1,Cladoceran,7,0.011006289,
Koeye,7-Aug-16,2.1,Koeye,1,,1,27-Sep-16,MM,1,1,Harpac,251,0.394654088,
Koeye,7-Aug-16,2.1,Koeye,1,,1,27-Sep-16,MM,1,1,Calanoid,1,0.001572327,
Koeye,7-Aug-16,2.1,Koeye,1,,1,27-Sep-16,MM,1,1,Cumacea,2,0.003144654,
Koeye,7-Aug-16,2.1,Koeye,0,1,1,27-Sep-16,MM,1,2,Gammarid,2,0.003144654,
Koeye,7-Aug-16,2.1,Koeye,0,1,1,27-Sep-16,MM,1,2,Euphausiid,1,0.001572327,
Koeye,7-Aug-16,2.1,Koeye,0,1,1,27-Sep-16,MM,1,1,Gammarid,1,0.001572327,
Koeye,7-Aug-16,2.1,Koeye,0,1,1,27-Sep-16,MM,1,1,Phyllodocida,357,0.561320755,
Koeye,7-Aug-16,2.1,Koeye,0,1,1,27-Sep-16,MM,1,1,Harpac,11,0.017295597,
Koeye,7-Aug-16,2.1,Koeye,0,1,1,27-Sep-16,MM,1,1,Calanoid,2,0.003144654,
Koeye,7-Aug-16,1.1,Koeye,1,,1,27-Sep-16,MM,4,2,Gammarid,5,0.004132231,1210
Koeye,7-Aug-16,1.1,Koeye,1,,1,27-Sep-16,MM,4,2,Brachyura,1,0.000826446,
Koeye,7-Aug-16,1.1,Koeye,1,,1,27-Sep-16,MM,4,1,Gammarid,20,0.016528926,
Koeye,7-Aug-16,1.1,Koeye,1,,1,27-Sep-16,MM,4,1,Phyllodocida,40,0.033057851,
Koeye,7-Aug-16,1.1,Koeye,1,,1,27-Sep-16,MM,4,1,Harpac,1136,0.938842975,
Koeye,7-Aug-16,1.1,Koeye,1,,1,27-Sep-16,MM,4,1,Calanoid,4,0.003305785,
Koeye,7-Aug-16,1.1,Koeye,1,,1,27-Sep-16,MM,4,1,Cumacea,4,0.003305785,
Koeye,7-Aug-16,2.2,Koeye,1,,0,,,,,NAN,,,
Koeye,7-Aug-16,2.2,Koeye,0,,0,,,,,NAN,,,
Koeye,7-Aug-16,1.2,Koeye,0,,0,,,,,NAN,,,
Koeye,7-Aug-16,1.2,Koeye,1,,0,,,,,NAN,,,
Koeye,9-Jul-16,1.2,Koeye,0,1,0,,,,,NAN,,,
Koeye,9-Jul-16,1.1,Koeye,1,1,1,29-Sep-16,MM,1,6,Gammarid,1,0.038461538,26
Koeye,9-Jul-16,1.1,Koeye,1,1,1,29-Sep-16,MM,1,14,Valvifera,1,0.038461538,
Koeye,9-Jul-16,1.1,Koeye,1,1,1,29-Sep-16,MM,1,2,Euphausiid,2,0.076923077,
Koeye,9-Jul-16,1.1,Koeye,1,1,1,29-Sep-16,MM,1,1,Gammarid,2,0.076923077,
Koeye,9-Jul-16,1.1,Koeye,1,1,1,29-Sep-16,MM,1,1,Cladoceran,1,0.038461538,
Koeye,9-Jul-16,1.1,Koeye,1,1,1,29-Sep-16,MM,1,1,Phyllodocida,3,0.115384615,
Koeye,9-Jul-16,1.1,Koeye,1,1,1,29-Sep-16,MM,1,1,Appendicularia,2,0.076923077,
Koeye,9-Jul-16,1.1,Koeye,1,1,1,29-Sep-16,MM,1,1,Harpac,8,0.307692308,
Koeye,9-Jul-16,1.1,Koeye,1,1,1,29-Sep-16,MM,1,1,Calanoid,5,0.192307692,
Koeye,9-Jul-16,1.1,Koeye,1,1,1,29-Sep-16,MM,1,1,Cumacea,1,0.038461538,
Koeye,9-Jul-16,1.1,Koeye,0,1,1,29-Sep-16,MM,1,10,Natantia,1,0.025,40
Koeye,9-Jul-16,1.1,Koeye,0,1,1,29-Sep-16,MM,1,1,Gammarid,1,0.025,
Koeye,9-Jul-16,1.1,Koeye,0,1,1,29-Sep-16,MM,1,1,Phyllodocida,1,0.025,
Koeye,9-Jul-16,1.1,Koeye,0,1,1,29-Sep-16,MM,1,1,Calanoid,1,0.025,
Koeye,9-Jul-16,2.1,Koeye,0,1,1,29-Sep-16,MM,1,1,Phyllodocida,16,0.4,
Koeye,9-Jul-16,2.1,Koeye,0,1,1,29-Sep-16,MM,1,1,Cyclopoid,1,0.025,
Koeye,9-Jul-16,2.1,Koeye,0,1,1,29-Sep-16,MM,1,1,Calanoid,1,0.025,
Koeye,9-Jul-16,2.1,Koeye,1,1,1,28-Sep-16,MM,1,1,Gammarid,2,0.05,
Koeye,9-Jul-16,2.1,Koeye,1,1,1,28-Sep-16,MM,1,1,Cladoceran,2,0.05,
Koeye,9-Jul-16,2.1,Koeye,1,1,1,28-Sep-16,MM,1,1,Valvifera,1,0.025,
Koeye,9-Jul-16,2.1,Koeye,1,1,1,28-Sep-16,MM,1,1,Harpac,4,0.1,
Koeye,9-Jul-16,2.1,Koeye,1,1,1,28-Sep-16,MM,1,1,Calanoid,5,0.125,
Koeye,9-Jul-16,2.1,Koeye,1,1,1,28-Sep-16,MM,1,1,Cumacea,3,0.075,
Koeye,9-Jul-16,2.1,Koeye,1,1,1,28-Sep-16,MM,1,1,Ostracod,1,0.025,
Koeye,09-Jul-16,2.2,Koeye,0,,0,,,,,NAN,,,
Koeye,09-Jul-16,2.2,Koeye,1,,0,,,,,NAN,,,
Koeye,09-Jul-16,1.2,Koeye,1,,0,,,,,NAN,,,
Koeye,11-Jun-16,2.2,Koeye,0,,0,,,,,NAN,,,
Koeye,11-Jun-16,1.2,Koeye,0,,0,,,,,NAN,,,
Koeye,11-Jun-16,2.2,Koeye,1,,0,,,,,NAN,,,
Koeye,11-Jun-16,1.2,Koeye,1,,0,,,,,NAN,,,
Koeye,11-Jun-16,1.1,Koeye,0,,1,27-Sep-16,MM,1,1,Gammarid,1,0.016949153,59
Koeye,11-Jun-16,1.1,Koeye,0,,1,27-Sep-16,MM,1,1,Cladoceran,7,0.118644068,
Koeye,11-Jun-16,1.1,Koeye,0,,1,27-Sep-16,MM,1,1,Harpac,4,0.06779661,
Koeye,11-Jun-16,1.1,Koeye,0,,1,27-Sep-16,MM,1,1,Calanoid,16,0.271186441,
Koeye,11-Jun-16,1.1,Koeye,0,,1,27-Sep-16,MM,1,1,Barnacle,3,0.050847458,
Koeye,11-Jun-16,1.1,Koeye,0,,1,27-Sep-16,MM,1,1,Ostracod,28,0.474576271,
Koeye,11-Jun-16,2.1,Koeye,1,,1,28-Sep-16,MM,1,2,Gammarid,1,0.006944444,144
Koeye,11-Jun-16,2.1,Koeye,1,,1,28-Sep-16,MM,1,2,Harpac,1,0.006944444,
Koeye,11-Jun-16,2.1,Koeye,1,,1,28-Sep-16,MM,1,1,Gammarid,25,0.173611111,
Koeye,11-Jun-16,2.1,Koeye,1,,1,28-Sep-16,MM,1,1,Cladoceran,4,0.027777778,
Koeye,11-Jun-16,2.1,Koeye,1,,1,28-Sep-16,MM,1,1,Valvifera,1,0.006944444,
Koeye,11-Jun-16,2.1,Koeye,1,,1,28-Sep-16,MM,1,1,Phyllodocida,4,0.027777778,
Koeye,11-Jun-16,2.1,Koeye,1,,1,28-Sep-16,MM,1,1,Harpac,54,0.375,
Koeye,11-Jun-16,2.1,Koeye,1,,1,28-Sep-16,MM,1,1,Calanoid,1,0.006944444,
Koeye,11-Jun-16,2.1,Koeye,1,,1,28-Sep-16,MM,1,1,Cumacea,4,0.027777778,
Koeye,11-Jun-16,2.1,Koeye,1,,1,28-Sep-16,MM,1,1,Ostracod,49,0.340277778,1
Koeye,11-Jun-16,2.1,Koeye,0,,1,29-Sep-16,MM,1,1,Phyllodocida,5,0.357142857,14
Koeye,11-Jun-16,2.1,Koeye,0,,1,29-Sep-16,MM,1,1,Harpac,1,0.071428571,
Koeye,11-Jun-16,2.1,Koeye,0,,1,29-Sep-16,MM,1,1,Calanoid,8,0.571428571,
Koeye,11-Jun-16,1.1,Koeye,1,,1,27-Sep-16,MM,1,82,Phyllodocida,1,0.006134969,163
Koeye,11-Jun-16,1.1,Koeye,1,,1,27-Sep-16,MM,1,1,Gammarid,27,0.165644172,
Koeye,11-Jun-16,1.1,Koeye,1,,1,27-Sep-16,MM,1,1,Cladoceran,1,0.006134969,
Koeye,11-Jun-16,1.1,Koeye,1,,1,27-Sep-16,MM,1,1,Phyllodocida,2,0.012269939,
Koeye,11-Jun-16,1.1,Koeye,1,,1,27-Sep-16,MM,1,1,Harpac,47,0.288343558,
Koeye,11-Jun-16,1.1,Koeye,1,,1,27-Sep-16,MM,1,1,Cumacea,1,0.006134969,
Koeye,11-Jun-16,1.1,Koeye,1,,1,27-Sep-16,MM,1,1,Ostracod,84,0.515337423,
Koeye,11-May-16,1.2,Koeye,1,,0,,,,,NAN,,,
Koeye,11-May-16,1.2,Koeye,0,,0,,,,,NAN,,,
Koeye,11-May-16,2.2,Koeye,1,,0,,,,,NAN,,,
Koeye,11-May-16,2.1,Koeye,1,,1,29-Sep-16,MM,1,10,Gammarid,1,0.009708738,103
Koeye,11-May-16,2.1,Koeye,1,,1,29-Sep-16,MM,1,14,Valvifera,2,0.019417476,
Koeye,11-May-16,2.1,Koeye,1,,1,29-Sep-16,MM,1,6,Valvifera,1,0.009708738,
Koeye,11-May-16,2.1,Koeye,1,,1,29-Sep-16,MM,1,6,Brachyura,1,0.009708738,
Koeye,11-May-16,2.1,Koeye,1,,1,29-Sep-16,MM,1,26,Pleuronecti,1,0.009708738,
Koeye,11-May-16,2.1,Koeye,1,,1,29-Sep-16,MM,1,1,Gammarid,4,0.038834951,
Koeye,11-May-16,2.1,Koeye,1,,1,29-Sep-16,MM,1,1,Cladoceran,3,0.029126214,
Koeye,11-May-16,2.1,Koeye,1,,1,29-Sep-16,MM,1,1,Valvifera,2,0.019417476,
Koeye,11-May-16,2.1,Koeye,1,,1,29-Sep-16,MM,1,1,Phyllodocida,15,0.145631068,
Koeye,11-May-16,2.1,Koeye,1,,1,29-Sep-16,MM,1,1,Harpac,66,0.640776699,
Koeye,11-May-16,2.1,Koeye,1,,1,29-Sep-16,MM,1,1,Calanoid,1,0.009708738,
Koeye,11-May-16,2.1,Koeye,1,,1,29-Sep-16,MM,1,1,Cumacea,1,0.009708738,
Koeye,11-May-16,2.1,Koeye,1,,1,29-Sep-16,MM,1,1,Barnacle,1,0.009708738,
Koeye,11-May-16,2.1,Koeye,1,,1,29-Sep-16,MM,1,1,Ostracod,4,0.038834951,
Koeye,11-May-16,1.1,Koeye,1,,1,27-Sep-16,MM,1,1,Cladoceran,4,0.057971014,69
Koeye,11-May-16,1.1,Koeye,1,,1,27-Sep-16,MM,1,1,Appendicularia,1,0.014492754,
Koeye,11-May-16,1.1,Koeye,1,,1,27-Sep-16,MM,1,1,Harpac,2,0.028985507,
Koeye,11-May-16,1.1,Koeye,1,,1,27-Sep-16,MM,1,1,Calanoid,38,0.550724638,
Koeye,11-May-16,1.1,Koeye,1,,1,27-Sep-16,MM,1,1,Barnacle,23,0.333333333,
Koeye,11-May-16,1.1,Koeye,1,,1,27-Sep-16,MM,1,1,Ostracod,1,0.014492754,
Koeye,11-May-16,1.1,Koeye,0,,1,27-Sep-16,MM,1,1,Gammarid,1,0.035714286,28
Koeye,11-May-16,1.1,Koeye,0,,1,27-Sep-16,MM,1,1,Cladoceran,1,0.035714286,
Koeye,11-May-16,1.1,Koeye,0,,1,27-Sep-16,MM,1,1,Harpac,1,0.035714286,
Koeye,11-May-16,1.1,Koeye,0,,1,27-Sep-16,MM,1,1,Calanoid,22,0.785714286,
Koeye,11-May-16,1.1,Koeye,0,,1,27-Sep-16,MM,1,1,Barnacle,3,0.107142857,
Koeye,11-May-16,2.1,Koeye,0,,1,28-Sep-16,MM,1,1,Ostracod,1,0.111111111,9
Koeye,11-May-16,2.1,Koeye,0,,1,28-Sep-16,MM,1,1,Calanoid,8,0.888888889,
Koeye,30-Apr-16,2.2,Koeye,1,,0,,,,1,NAN,,,
Koeye,30-Apr-16,1.2,Koeye,1,,0,,,,,NAN,,,
Koeye,30-Apr-16,2.2,Koeye,0,,0,,,,,NAN,,,
Koeye,30-Apr-16,1.2,Koeye,0,,0,,,,,NAN,,,
Koeye,30-Apr-16,1.1,Koeye,1,,1,29-Sep-16,MM,1,1,Gammarid,23,0.433962264,53
Koeye,30-Apr-16,1.1,Koeye,1,,1,29-Sep-16,MM,1,1,Valvifera,1,0.018867925,
Koeye,30-Apr-16,1.1,Koeye,1,,1,29-Sep-16,MM,1,1,Phyllodocida,4,0.075471698,
Koeye,30-Apr-16,1.1,Koeye,1,,1,29-Sep-16,MM,1,1,Harpac,2,0.037735849,
Koeye,30-Apr-16,1.1,Koeye,1,,1,29-Sep-16,MM,1,1,Calanoid,1,0.018867925,
Koeye,30-Apr-16,1.1,Koeye,1,,1,29-Sep-16,MM,1,1,Cumacea,1,0.018867925,
Koeye,30-Apr-16,1.1,Koeye,1,,1,29-Sep-16,MM,1,1,Echinoderm,1,0.018867925,
Koeye,30-Apr-16,1.1,Koeye,1,,1,29-Sep-16,MM,1,1,Ostracod,7,0.132075472,
Koeye,30-Apr-16,1.1,Koeye,1,,1,29-Sep-16,MM,1,2,Gammarid,5,0.094339623,
Koeye,30-Apr-16,1.1,Koeye,1,,1,29-Sep-16,MM,1,2,Valvifera,5,0.094339623,
Koeye,30-Apr-16,1.1,Koeye,1,,1,29-Sep-16,MM,1,2,Barnacle,3,0.056603774,
Koeye,30-Apr-16,1.1,Koeye,0,,1,29-Sep-16,MM,1,1,Gammarid,4,0.078431373,51
Koeye,30-Apr-16,1.1,Koeye,0,,1,29-Sep-16,MM,1,2,Phyllodocida,1,0.019607843,
Koeye,30-Apr-16,1.1,Koeye,0,,1,29-Sep-16,MM,1,1,Gammarid,2,0.039215686,
Koeye,30-Apr-16,1.1,Koeye,0,,1,29-Sep-16,MM,1,1,Valvifera,1,0.019607843,
Koeye,30-Apr-16,1.1,Koeye,0,,1,29-Sep-16,MM,1,1,Phyllodocida,10,0.196078431,
Koeye,30-Apr-16,1.1,Koeye,0,,1,29-Sep-16,MM,1,1,Harpac,2,0.039215686,
Koeye,30-Apr-16,1.1,Koeye,0,,1,29-Sep-16,MM,1,1,Ostracod,16,0.31372549,
Koeye,30-Apr-16,2.1,Koeye,0,,1,28-Sep-16,MM,1,1,Phyllodocida,7,0.137254902,
Koeye,30-Apr-16,2.1,Koeye,0,,1,28-Sep-16,MM,1,1,Ostracod,8,0.156862745,
Koeye,30-Apr-16,2.1,Koeye,1,,1,29-Sep-16,MM,1,2,Gammarid,44,0.494382022,89
Koeye,30-Apr-16,2.1,Koeye,1,,1,29-Sep-16,MM,1,2,Valvifera,4,0.04494382,
Koeye,30-Apr-16,2.1,Koeye,1,,1,29-Sep-16,MM,1,2,Phyllodocida,2,0.02247191,
Koeye,30-Apr-16,2.1,Koeye,1,,1,29-Sep-16,MM,1,1,Gammarid,23,0.258426966,
Koeye,30-Apr-16,2.1,Koeye,1,,1,29-Sep-16,MM,1,1,Hyperiidea,2,0.02247191,
Koeye,30-Apr-16,2.1,Koeye,1,,1,29-Sep-16,MM,1,1,Valvifera,1,0.011235955,
Koeye,30-Apr-16,2.1,Koeye,1,,1,29-Sep-16,MM,1,1,Harpac,9,0.101123596,
Koeye,30-Apr-16,2.1,Koeye,1,,1,29-Sep-16,MM,1,1,Ostracod,4,0.04494382,
Tahsis,23-Jun-16,1.1,,0,,1,27-Oct-16,MM,2,2,Phyllodocida,2,0.004366812,458
Tahsis,23-Jun-16,1.1,,0,,1,27-Oct-16,MM,2,2,Cumacea,2,0.004366812,
Tahsis,23-Jun-16,1.1,,0,,1,27-Oct-16,MM,2,1,Cladoceran,4,0.008733624,
Tahsis,23-Jun-16,1.1,,0,,1,27-Oct-16,MM,2,1,Valvifera,4,0.008733624,
Tahsis,23-Jun-16,1.1,,0,,1,27-Oct-16,MM,2,1,Phyllodocida,6,0.013100437,
Tahsis,23-Jun-16,1.1,,0,,1,27-Oct-16,MM,2,1,Appendicularia,6,0.013100437,
Tahsis,23-Jun-16,1.1,,0,,1,27-Oct-16,MM,2,1,Harpac,150,0.327510917,
Tahsis,23-Jun-16,1.1,,0,,1,27-Oct-16,MM,2,1,Calanoid,282,0.615720524,
Tahsis,23-Jun-16,1.1,,0,,1,27-Oct-16,MM,2,1,Cumacea,2,0.004366812,
Tahsis,23-Jun-16,1.1,,1,,1,24-Oct-16,MM,10,10,Fish Larvae,1,0.000333111,3002
Tahsis,23-Jun-16,1.1,,1,,1,24-Oct-16,MM,10,2,Natantia,1,0.000333111,
Tahsis,23-Jun-16,1.1,,1,,1,24-Oct-16,MM,10,1,Cladoceran,80,0.026648901,
Tahsis,23-Jun-16,1.1,,1,,1,24-Oct-16,MM,10,1,Valvifera,20,0.006662225,
Tahsis,23-Jun-16,1.1,,1,,1,24-Oct-16,MM,10,1,Phyllodocida,10,0.003331113,
Tahsis,23-Jun-16,1.1,,1,,1,24-Oct-16,MM,10,1,Harpac,110,0.036642239,
Tahsis,23-Jun-16,1.1,,1,,1,24-Oct-16,MM,10,1,Calanoid,2780,0.9260493,
Tahsis,23-Jun-16,2.1,,1,,1,24-Oct-16,MM,8,2,Mysida,1,0.000295683,3382
Tahsis,23-Jun-16,2.1,,1,,1,24-Oct-16,MM,8,2,Natantia,2,0.000591366,
Tahsis,23-Jun-16,2.1,,1,,1,24-Oct-16,MM,8,2,Cumacea,2,0.000591366,
Tahsis,23-Jun-16,2.1,,1,,1,24-Oct-16,MM,8,4,Mysida,1,0.000295683,
Tahsis,23-Jun-16,2.1,,1,,1,24-Oct-16,MM,8,1,Cladoceran,72,0.021289178,
Tahsis,23-Jun-16,2.1,,1,,1,24-Oct-16,MM,8,1,Phyllodocida,8,0.002365464,
Tahsis,23-Jun-16,2.1,,1,,1,24-Oct-16,MM,8,1,Appendicularia,32,0.009461857,
Tahsis,23-Jun-16,2.1,,1,,1,24-Oct-16,MM,8,1,Harpac,280,0.082791248,
Tahsis,23-Jun-16,2.1,,1,,1,24-Oct-16,MM,8,1,Calanoid,2984,0.882318155,
Tahsis,23-Jun-16,1.2,,0,,0,,,,,NA,,,
Tahsis,08-Jun-16,1.1,,1,,1,27-Oct-16,MM,8,2,Gammarid,1,0.000423729,2360
Tahsis,08-Jun-16,1.1,,1,,1,27-Oct-16,MM,8,2,Calanoid,1,0.000423729,
Tahsis,08-Jun-16,1.1,,1,,1,27-Oct-16,MM,8,2,Natantia,4,0.001694915,
Tahsis,08-Jun-16,1.1,,1,,1,27-Oct-16,MM,8,2,Cumacea,1,0.000423729,
Tahsis,08-Jun-16,1.1,,1,,1,27-Oct-16,MM,8,26,Fish Larvae,1,0.000423729,
Tahsis,08-Jun-16,1.1,,1,,1,27-Oct-16,MM,8,1,Cladoceran,16,0.006779661,
Tahsis,08-Jun-16,1.1,,1,,1,27-Oct-16,MM,8,1,Phyllodocida,56,0.023728814,
Tahsis,08-Jun-16,1.1,,1,,1,27-Oct-16,MM,8,1,Appendicularia,16,0.006779661,
Tahsis,08-Jun-16,1.1,,1,,1,27-Oct-16,MM,8,1,Harpac,296,0.125423729,
Tahsis,08-Jun-16,1.1,,1,,1,27-Oct-16,MM,8,1,Calanoid,1968,0.833898305,
Tahsis,08-Jun-16,1.2,,0,,0,,,,,NA,,,
Tahsis,26-May-16,1.1,,1,,1,27-Oct-16,MM,320,1,Harpac,1920,0.025972269,73925
Tahsis,26-May-16,1.1,,1,,1,27-Oct-16,MM,320,1,Calanoid,72000,0.973960095,
Tahsis,26-May-16,1.1,,1,,1,27-Oct-16,MM,320,2,Calanoid,2,2.70544E-05,
Tahsis,26-May-16,1.1,,1,,1,27-Oct-16,MM,320,2,Natantia,1,1.35272E-05,
Tahsis,26-May-16,1.1,,1,,1,27-Oct-16,MM,320,2,Cumacea,2,2.70544E-05,
Tahsis,26-May-16,1.1,,0,,1,24-Oct-16,MM,3.333333333,2,Phyllodocida,1,0.001008403,991.6666667
Tahsis,26-May-16,1.1,,0,,1,24-Oct-16,MM,3.333333333,2,Natantia,3,0.00302521,
Tahsis,26-May-16,1.1,,0,,1,24-Oct-16,MM,3.333333333,2,Fish Larvae,1,0.001008403,
Tahsis,26-May-16,1.1,,0,,1,24-Oct-16,MM,3.333333333,1,Appendicularia,13.33333333,0.013445378,
Tahsis,26-May-16,1.1,,0,,1,24-Oct-16,MM,3.333333333,1,Harpac,543.3333333,0.54789916,
Tahsis,26-May-16,1.1,,0,,1,24-Oct-16,MM,3.333333333,1,Calanoid,426.6666667,0.430252101,
Tahsis,26-May-16,1.1,,0,,1,24-Oct-16,MM,3.333333333,1,Cumacea,3.333333333,0.003361345,
Tahsis,26-May-16,1.2,,1,,0,,,,,NA,,,
Tahsis,10-May-16,1.1,,0,,1,08-Oct-16,MM,20,1,Cladoceran,200,0.033647376,5944
Tahsis,10-May-16,1.1,,0,,1,08-Oct-16,MM,20,1,Phyllodocida,120,0.020188425,
Tahsis,10-May-16,1.1,,0,,1,08-Oct-16,MM,20,1,Harpac,360,0.060565276,
Tahsis,10-May-16,1.1,,0,,1,08-Oct-16,MM,20,1,Calanoid,5260,0.884925976,
Tahsis,10-May-16,1.1,,0,,1,08-Oct-16,MM,20,2,Harpac,1,0.000168237,
Tahsis,10-May-16,1.1,,0,,1,08-Oct-16,MM,20,2,Cumacea,3,0.000504711,
Tahsis,10-May-16,1.1,,1,,1,05-Oct-16,MM,13.33333333,1,Cladoceran,6,0.001502755,3992.666667
Tahsis,10-May-16,1.1,,1,,1,05-Oct-16,MM,13.33333333,1,Phyllodocida,53.33333333,0.013357823,
Tahsis,10-May-16,1.1,,1,,1,05-Oct-16,MM,13.33333333,1,Harpac,160,0.040073468,
Tahsis,10-May-16,1.1,,1,,1,05-Oct-16,MM,13.33333333,1,Calanoid,3760,0.941726499,
Tahsis,10-May-16,1.1,,1,,1,05-Oct-16,MM,13.33333333,1,Natantia,13.33333333,0.003339456,
Tahsis,10-May-16,1.2,,0,,0,,,,,NA,,,
Tahsis,10-May-16,1.2,,1,,0,,,,,NA,,,
Tahsis,08-Jun-16,1.1,,0,,1,24-Oct-16,MM,10,2,Natantia,1,0.000494071,2024
Tahsis,08-Jun-16,1.1,,0,,1,24-Oct-16,MM,10,2,Cumacea,3,0.001482213,
Tahsis,08-Jun-16,1.1,,0,,1,24-Oct-16,MM,10,1,Cladoceran,40,0.019762846,
Tahsis,08-Jun-16,1.1,,0,,1,24-Oct-16,MM,10,1,Valvifera,10,0.004940711,
Tahsis,08-Jun-16,1.1,,0,,1,24-Oct-16,MM,10,1,Appendicularia,20,0.009881423,
Tahsis,08-Jun-16,1.1,,0,,1,24-Oct-16,MM,10,1,Harpac,160,0.079051383,
Tahsis,08-Jun-16,1.1,,0,,1,24-Oct-16,MM,10,1,Calanoid,1700,0.839920949,
Tahsis,08-Jun-16,1.1,,0,,1,24-Oct-16,MM,10,1,Cumacea,90,0.044466403,
Tahsis,08-Jun-16,2.1,,1,,1,24-Oct-16,MM,8,14,Cumacea,1,0.000202799,4931
Tahsis,08-Jun-16,2.1,,1,,1,24-Oct-16,MM,8,2,Valvifera,3,0.000608396,
Tahsis,08-Jun-16,2.1,,1,,1,24-Oct-16,MM,8,2,Phyllodocida,1,0.000202799,
Tahsis,08-Jun-16,2.1,,1,,1,24-Oct-16,MM,8,2,Natantia,12,0.002433583,
Tahsis,08-Jun-16,2.1,,1,,1,24-Oct-16,MM,8,2,Fish Larvae,1,0.000202799,
Tahsis,08-Jun-16,2.1,,1,,1,24-Oct-16,MM,8,1,Appendicularia,16,0.003244778,
Tahsis,08-Jun-16,2.1,,1,,1,24-Oct-16,MM,8,1,Harpac,1840,0.373149463,
Tahsis,08-Jun-16,2.1,,1,,1,24-Oct-16,MM,8,1,Calanoid,3056,0.619752586,
Tahsis,08-Jun-16,2.1,,1,,1,24-Oct-16,MM,8,1,Brachyura,1,0.000202799,
Bedwell,9-Jun-16,3.1,ES3,1,,1,05-Oct-16,MM,1,1,Cumacea,1,0.011627907,86
Bedwell,9-Jun-16,3.1,ES3,1,,1,05-Oct-16,MM,1,1,Calanoid,5,0.058139535,
Bedwell,9-Jun-16,3.1,ES3,1,,1,05-Oct-16,MM,1,1,Harpac,69,0.802325581,
Bedwell,9-Jun-16,3.1,ES3,1,,1,05-Oct-16,MM,1,1,Phyllodocida,6,0.069767442,
Bedwell,9-Jun-16,3.1,ES3,1,,1,05-Oct-16,MM,1,1,Gammarid,3,0.034883721,
Bedwell,9-Jun-16,3.1,ES3,1,,1,05-Oct-16,MM,1,2,Cumacea,1,0.011627907,
Bedwell,9-Jun-16,3.1,ES3,1,,1,05-Oct-16,MM,1,2,Phyllodocida,1,0.011627907,
Bedwell,9-Jun-16,3.2,,,,0,,,,,NAN,,,
Bedwell,9-Jun-16,3.2,,,,0,,,,,NAN,,,
Bedwell,27-May-16,1.1,ES3,1,,1,05-Oct-16,MM,1,1,Cumacea,96,0.328767123,292
Bedwell,27-May-16,1.1,ES3,1,,1,05-Oct-16,MM,1,1,Harpac,133,0.455479452,
Bedwell,27-May-16,1.1,ES3,1,,1,05-Oct-16,MM,1,1,Phyllodocida,20,0.068493151,
Bedwell,27-May-16,1.1,ES3,1,,1,05-Oct-16,MM,1,1,Cladoceran,1,0.003424658,
Bedwell,27-May-16,1.1,ES3,1,,1,05-Oct-16,MM,1,1,Gammarid,10,0.034246575,
Bedwell,27-May-16,1.1,ES3,1,,1,05-Oct-16,MM,1,2,Brachyura,1,0.003424658,
Bedwell,27-May-16,1.1,ES3,1,,1,05-Oct-16,MM,1,2,Cumacea,20,0.068493151,
Bedwell,27-May-16,1.1,ES3,1,,1,05-Oct-16,MM,1,2,Phyllodocida,5,0.017123288,
Bedwell,27-May-16,1.1,ES3,1,,1,05-Oct-16,MM,1,2,Gammarid,6,0.020547945,
Bedwell,27-May-16,4.1,,0,,1,04-Oct-16,MM,1,2,Valvifera,1,0.003401361,294
Bedwell,27-May-16,4.1,,0,,1,04-Oct-16,MM,1,2,Phyllodocida,1,0.003401361,
Bedwell,27-May-16,4.1,,0,,1,04-Oct-16,MM,1,2,UK25,7,0.023809524,
Bedwell,27-May-16,4.1,,0,,1,04-Oct-16,MM,1,1,Gammarid,8,0.027210884,
Bedwell,27-May-16,4.1,,0,,1,04-Oct-16,MM,1,1,Cladoceran,3,0.010204082,
Bedwell,27-May-16,4.1,,0,,1,04-Oct-16,MM,1,1,Phyllodocida,15,0.051020408,
Bedwell,27-May-16,4.1,,0,,1,04-Oct-16,MM,1,1,Harpac,210,0.714285714,
Bedwell,27-May-16,4.1,,0,,1,04-Oct-16,MM,1,1,Calanoid,4,0.013605442,
Bedwell,27-May-16,4.1,,0,,1,04-Oct-16,MM,1,1,Cumacea,45,0.153061224,
Bedwell,27-May-16,1.2,ES4,1,,0,,,,,NAN,,,
Bedwell,27-May-16,1.2,ES3,,,0,,,,,NAN,,,
Bedwell,27-May-16,1.2,ES3,,,0,,,,,NAN,,,
Bedwell,11-May-16,3.1,,1,,1,05-Oct-16,MM,1,2,Gammarid,1,0.005847953,171
Bedwell,11-May-16,3.1,,1,,1,05-Oct-16,MM,1,2,Cumacea,4,0.023391813,
Bedwell,11-May-16,3.1,,1,,1,05-Oct-16,MM,1,2,UK25,1,0.005847953,
Bedwell,11-May-16,3.1,,1,,1,05-Oct-16,MM,1,1,Gammarid,11,0.064327485,
Bedwell,11-May-16,3.1,,1,,1,05-Oct-16,MM,1,1,Cladoceran,2,0.011695906,
Bedwell,11-May-16,3.1,,1,,1,05-Oct-16,MM,1,1,Phyllodocida,5,0.029239766,
Bedwell,11-May-16,3.1,,1,,1,05-Oct-16,MM,1,1,Harpac,127,0.742690058,
Bedwell,11-May-16,3.1,,1,,1,05-Oct-16,MM,1,1,Calanoid,4,0.023391813,
Bedwell,11-May-16,3.1,,1,,1,05-Oct-16,MM,1,1,Cumacea,16,0.093567251,
Bedwell,28-Apr-16,3.1,,1,,1,04-Oct-16,MM,3.33333,2,Gammarid,3,0.002285426,1312.66541
Bedwell,28-Apr-16,3.1,,1,,1,04-Oct-16,MM,3.33333,2,Harpac,7,0.005332661,
Bedwell,28-Apr-16,3.1,,1,,1,04-Oct-16,MM,3.33333,2,Cumacea,17,0.012950749,
Bedwell,28-Apr-16,3.1,,1,,1,04-Oct-16,MM,3.33333,2,UK24,13,0.009903514,
Bedwell,28-Apr-16,3.1,,1,,1,04-Oct-16,MM,3.33333,1,Phyllodocida,3,0.002285426,
Bedwell,28-Apr-16,3.1,,1,,1,04-Oct-16,MM,3.33333,1,Harpac,1256.66541,0.95733871,
Bedwell,28-Apr-16,3.1,,1,,1,04-Oct-16,MM,3.33333,1,Cumacea,13,0.009903514,
Bedwell,28-Apr-16,4.2,,1,,0,,,,,NAN,,,
Bedwell,14-Apr-16,3.1,,0,,1,04-Oct-16,MM,1,1,Gammarid,2,0.023809524,84
Bedwell,14-Apr-16,3.1,,0,,1,04-Oct-16,MM,1,1,Phyllodocida,3,0.035714286,
Bedwell,14-Apr-16,3.1,,0,,1,04-Oct-16,MM,1,1,Appendicularia,14,0.166666667,
Bedwell,14-Apr-16,3.1,,0,,1,04-Oct-16,MM,1,1,Harpac,23,0.273809524,
Bedwell,14-Apr-16,3.1,,0,,1,04-Oct-16,MM,1,1,Calanoid,37,0.44047619,
Bedwell,14-Apr-16,3.1,,0,,1,04-Oct-16,MM,1,1,UK25,1,0.011904762,
Bedwell,14-Apr-16,3.1,,0,,1,04-Oct-16,MM,1,1,Ostracod,3,0.035714286,
Bedwell,14-Apr-16,3.1,,0,,1,04-Oct-16,MM,1,2,Gammarid,1,0.011904762,
Bedwell,14-Apr-16,3.2,,0,,1,04-Oct-16,MM,1,2,Phyllodocida,1,0.004878049,205
Bedwell,14-Apr-16,3.2,,0,,1,04-Oct-16,MM,1,2,UK27,1,0.004878049,
Bedwell,14-Apr-16,3.2,,0,,1,04-Oct-16,MM,1,1,Gammarid,6,0.029268293,
Bedwell,14-Apr-16,3.2,,0,,1,04-Oct-16,MM,1,1,Cladoceran,3,0.014634146,
Bedwell,14-Apr-16,3.2,,0,,1,04-Oct-16,MM,1,1,Valvifera,1,0.004878049,
Bedwell,14-Apr-16,3.2,,0,,1,04-Oct-16,MM,1,1,Phyllodocida,5,0.024390244,
Bedwell,14-Apr-16,3.2,,0,,1,04-Oct-16,MM,1,1,Harpac,146,0.712195122,
Bedwell,14-Apr-16,3.2,,0,,1,04-Oct-16,MM,1,1,Calanoid,15,0.073170732,
Bedwell,14-Apr-16,3.2,,0,,1,04-Oct-16,MM,1,1,Cumacea,20,0.097560976,
Bedwell,14-Apr-16,3.2,,0,,1,04-Oct-16,MM,1,1,UK25,3,0.014634146,
Bedwell,14-Apr-16,3.2,,0,,1,04-Oct-16,MM,1,1,Ostracod,4,0.019512195,